"target_id","ext_gene","num_aggregated_transcripts","sum_mean_obs_counts","pval","qval"
"ENSG00000135480","KRT7",13,63.4684653235741,1.60623865100948e-25,3.95696891676184e-21
"ENSG00000231721","LINC-PINT",15,48.5096340994246,1.00625615339924e-24,1.23945601694951e-20
"ENSG00000160179","ABCG1",9,24.7335003395281,6.83246170253728e-24,5.6105898014002e-20
"ENSG00000182718","ANXA2",37,133.042022260536,4.21024623264428e-23,2.59298539852979e-19
"ENSG00000165029","ABCA1",5,23.5939614835552,8.51585733165915e-23,4.19576290730846e-19
"ENSG00000047457","CP",14,65.4776412883495,5.28545066862079e-21,2.17011795369122e-17
"ENSG00000072310","SREBF1",17,59.489458428036,2.67120784568766e-19,9.4007436112165e-16
"ENSG00000140022","STON2",7,36.6594771192094,3.66062140666986e-18,1.1272426044164e-14
"ENSG00000013588","GPRC5A",6,24.8252682519546,1.68693594280798e-17,4.6175185501194e-14
"ENSG00000134531","EMP1",9,33.5554102038976,3.50924290916882e-17,8.6450199067374e-14
"ENSG00000166949","SMAD3",14,48.3778029571686,5.27631435901579e-17,1.18165458394867e-13
"ENSG00000157557","ETS2",7,27.8149347366481,1.04705104229188e-16,2.14950853557171e-13
"ENSG00000188313","PLSCR1",14,52.1522498525325,3.25673544635254e-16,6.17151367083806e-13
"ENSG00000131941","RHPN2",6,34.535966890761,4.84026871247496e-16,8.51714426655861e-13
"ENSG00000243649","CFB",8,24.1023261750109,6.19735427742926e-16,1.0178121508298e-12
"ENSG00000164104","HMGB2",5,27.6618258357061,3.23724500099832e-15,4.9843456624746e-12
"ENSG00000161011","SQSTM1",14,63.2334522627737,4.20532473547296e-15,5.75545415879868e-12
"ENSG00000125347","IRF1",13,43.6488496270141,4.05590847734641e-15,5.75545415879868e-12
"ENSG00000026508","CD44",15,35.774876978893,8.5593379944269e-15,1.10978574469846e-11
"ENSG00000105968","H2AZ2",6,32.7012771310477,1.35550214198127e-14,1.66963976338543e-11
"ENSG00000163435","ELF3",10,57.4947991475044,3.01925512197484e-14,3.54187380618334e-11
"ENSG00000142910","TINAGL1",9,34.6825393774093,3.59503745833335e-14,4.02562489936555e-11
"ENSG00000213626","LBH",6,21.7032855350137,8.58564170910216e-14,9.19596884798834e-11
"ENSG00000146674","IGFBP3",7,28.6689510708305,2.56603326270871e-13,2.63392622611787e-10
"ENSG00000145623","OSMR",3,12.5541332434507,4.19697768062572e-13,4.13570180648858e-10
"ENSG00000067082","KLF6",6,35.7569807415646,7.37774676895346e-13,6.9904150635834e-10
"ENSG00000088367","EPB41L1",14,60.9954589950016,9.6145348945792e-13,8.77237285659106e-10
"ENSG00000144802","NFKBIZ",10,40.7220098043287,1.26792430345723e-12,1.11554697198818e-09
"ENSG00000048052","HDAC9",19,65.0997226736734,1.97771049039523e-12,1.68003096313402e-09
"ENSG00000123095","BHLHE41",3,16.3005806317139,2.87596242757229e-12,2.31749177346643e-09
"ENSG00000122966","CIT",20,70.0078724989185,2.91626730170324e-12,2.31749177346643e-09
"ENSG00000197837","H4-16",4,16.4111240762105,3.36148741461856e-12,2.58782007684776e-09
"ENSG00000005884","ITGA3",13,51.0014729717644,4.13473200061655e-12,3.08664008591481e-09
"ENSG00000177426","TGIF1",15,52.477165510104,5.34089112697634e-12,3.86044520103594e-09
"ENSG00000120802","TMPO",12,51.5170484738723,5.54806951786565e-12,3.86044520103594e-09
"ENSG00000113810","SMC4",18,70.3761768197897,5.64140561141847e-12,3.86044520103594e-09
"ENSG00000021355","SERPINB1",4,16.5029771340445,5.86562125386402e-12,3.90539404294433e-09
"ENSG00000272398","CD24",7,36.578437839905,9.25813111202002e-12,6.00194894591087e-09
"ENSG00000185215","TNFAIP2",10,44.8335291432348,1.00142432956043e-11,6.32566368172341e-09
"ENSG00000132780","NASP",14,50.7498783546088,1.05726558089901e-11,6.5114343963618e-09
"ENSG00000170312","CDK1",5,18.5662617214067,1.26654727879348e-11,7.42890290787557e-09
"ENSG00000135926","TMBIM1",15,47.2534866659774,1.24650209381369e-11,7.42890290787557e-09
"ENSG00000145990","GFOD1",4,20.1034774304266,1.32713438295112e-11,7.60324547069787e-09
"ENSG00000189403","HMGB1",8,41.1669401181407,1.80321168657065e-11,1.00959363406064e-08
"ENSG00000169242","EFNA1",5,24.0362173786429,2.15967836850964e-11,1.18230392462744e-08
"ENSG00000153113","CAST",33,123.692055583346,2.56965613666589e-11,1.37616258536444e-08
"ENSG00000156675","RAB11FIP1",5,28.4788090571137,2.74462549444896e-11,1.43859253310107e-08
"ENSG00000140416","TPM1",23,76.7684483715312,2.83541742486576e-11,1.455218922116e-08
"ENSG00000125520","SLC2A4RG",6,27.6383107173736,3.11576298835114e-11,1.56646573914348e-08
"ENSG00000150938","CRIM1",6,25.3454963315211,3.80939038233221e-11,1.84008494252459e-08
"ENSG00000203814","H2BC18",4,22.6271333420202,3.77690062902572e-11,1.84008494252459e-08
"ENSG00000165507","DEPP1",2,7.34612683976953,5.95906274564883e-11,2.71854649516776e-08
"ENSG00000113368","LMNB1",6,27.354162856228,5.85231619388228e-11,2.71854649516776e-08
"ENSG00000144749","LRIG1",8,33.2173237104977,5.95595545780659e-11,2.71854649516776e-08
"ENSG00000133048","CHI3L1",5,15.9168968958857,6.6557281050885e-11,2.98116112488828e-08
"ENSG00000019582","CD74",7,28.0683669344828,6.88119035513473e-11,3.02710936426329e-08
"ENSG00000106462","EZH2",15,54.8636141844589,8.81296507020314e-11,3.80890165797288e-08
"ENSG00000108106","UBE2S",3,17.0395162628344,9.18133116762644e-11,3.89969126404271e-08
"ENSG00000184371","CSF1",6,21.5899355041964,2.02880988448192e-10,8.47114093291729e-08
"ENSG00000178999","AURKB",9,26.8951468996075,2.28671329535733e-10,9.38886367185463e-08
"ENSG00000149596","JPH2",2,8.7116034824486,2.50696380715751e-10,1.01244349818566e-07
"ENSG00000134057","CCNB1",6,22.4632571375669,2.746226701706e-10,1.09118217413754e-07
"ENSG00000103202","NME4",9,31.7248508108536,3.25275037270391e-10,1.27192865764382e-07
"ENSG00000105835","NAMPT",22,78.4917809677705,3.30485624010927e-10,1.27211146054831e-07
"ENSG00000163874","ZC3H12A",4,15.0011508581165,3.5596900516576e-10,1.34912252957823e-07
"ENSG00000138496","PARP9",6,29.0962156373594,4.13110608186435e-10,1.54196664131406e-07
"ENSG00000010278","CD9",17,74.6435148478619,5.40751335981217e-10,1.98827002416377e-07
"ENSG00000135476","ESPL1",8,27.8961211549196,5.69641829808751e-10,2.06369507019685e-07
"ENSG00000198910","L1CAM",12,44.3532625523693,5.94050604309683e-10,2.12093284596653e-07
"ENSG00000206077","ZDHHC11B",7,20.3104608377665,7.06928764167168e-10,2.48788430075117e-07
"ENSG00000160439","RDH13",13,42.8356526836329,7.51823060292469e-10,2.60861423807112e-07
"ENSG00000127483","HP1BP3",13,66.7646072588435,7.7587963352998e-10,2.65469371833487e-07
"ENSG00000136160","EDNRB",2,3.32982137027489,8.0236798679973e-10,2.70771717189197e-07
"ENSG00000183696","UPP1",7,21.1930976107894,9.08720856062581e-10,3.02341892307053e-07
"ENSG00000135451","TROAP",11,34.221200846801,9.20464458008078e-10,3.02341892307053e-07
"ENSG00000186185","KIF18B",4,19.9561346324421,9.89920426981719e-10,3.20877496298614e-07
"ENSG00000100906","NFKBIA",7,29.1689319111969,1.01605407845927e-09,3.25071327569403e-07
"ENSG00000196975","ANXA4",8,38.2202834817383,1.20065402462209e-09,3.79206562776477e-07
"ENSG00000079482","OPHN1",14,49.7607600300253,1.25367276436488e-09,3.90939601900366e-07
"ENSG00000137699","TRIM29",13,30.5750901680191,1.76186762614189e-09,5.42545112125069e-07
"ENSG00000115977","AAK1",12,49.9027408104442,1.85204513942529e-09,5.63273234688174e-07
"ENSG00000285106","",5,16.896721205643,2.35702611199582e-09,6.99582388783336e-07
"ENSG00000179820","MYADM",9,42.5143385151893,2.34214227700828e-09,6.99582388783336e-07
"ENSG00000105357","MYH14",9,39.1635577253228,2.70399682335572e-09,7.93011449325811e-07
"ENSG00000104419","NDRG1",31,107.46048093991,3.07100452038142e-09,8.90049368936428e-07
"ENSG00000073910","FRY",7,23.5425080397002,4.02137958003172e-09,1.15193820876839e-06
"ENSG00000184445","KNTC1",10,35.5221888590637,4.54171387101115e-09,1.28603587600413e-06
"ENSG00000148346","LCN2",5,21.5610790350437,5.0073540141152e-09,1.40177461520145e-06
"ENSG00000106772","PRUNE2",11,40.7767882078671,5.06632803537918e-09,1.40234821518614e-06
"ENSG00000166289","PLEKHF1",3,12.3588037104379,5.43186085930674e-09,1.48682102521135e-06
"ENSG00000132481","TRIM47",5,16.414032821603,6.28650591676612e-09,1.70184695889597e-06
"ENSG00000137501","SYTL2",8,19.0920994478426,6.94974759955623e-09,1.86094600125074e-06
"ENSG00000171320","ESCO2",5,15.9988559071045,7.75177034966792e-09,2.03766389543113e-06
"ENSG00000109452","INPP4B",6,16.7212635839464,7.77513319141573e-09,2.03766389543113e-06
"ENSG00000127528","KLF2",2,6.8860563201704,8.13843056185129e-09,2.0913882146058e-06
"ENSG00000065328","MCM10",6,18.4151246447019,8.14991956980543e-09,2.0913882146058e-06
"ENSG00000161791","FMNL3",3,14.0914391830189,8.23898837255969e-09,2.09244823255678e-06
"ENSG00000224078","SNHG14",38,118.681443814267,8.34242271464967e-09,2.09709779158566e-06
"ENSG00000185499","MUC1",13,56.7569299627851,8.97900268758211e-09,2.23432051725844e-06
"ENSG00000078114","NEBL",11,34.7715145443053,9.44382295215223e-09,2.3264857842627e-06
"ENSG00000169679","BUB1",10,32.7249030537501,1.03169395476224e-08,2.49174319368311e-06
"ENSG00000124831","LRRFIP1",13,47.7646060888424,1.02504720234677e-08,2.49174319368311e-06
"ENSG00000067066","SP100",14,48.4488194699151,1.04195216374881e-08,2.49208655863612e-06
"ENSG00000167767","KRT80",3,16.6894693544912,1.18621521786228e-08,2.80984729731128e-06
"ENSG00000142661","MYOM3",3,11.9781982037051,1.48908818233395e-08,3.4936845115997e-06
"ENSG00000157873","TNFRSF14",7,22.8228599774086,1.60427237854513e-08,3.72841981560937e-06
"ENSG00000198517","MAFK",3,15.4924290324702,1.66439587867199e-08,3.7616873826683e-06
"ENSG00000157456","CCNB2",3,13.5221465276012,1.66389138581175e-08,3.7616873826683e-06
"ENSG00000176485","PLAAT3",6,19.6078977711518,1.66278018585741e-08,3.7616873826683e-06
"ENSG00000166979","EVA1C",8,24.3223317952627,1.89638651579822e-08,4.24704380151719e-06
"ENSG00000105855","ITGB8",5,36.9730589827087,2.08828482191072e-08,4.63467536826762e-06
"ENSG00000268621","IGFL2-AS1",8,20.7712468162914,2.11025431671406e-08,4.64161741895097e-06
"ENSG00000172009","THOP1",7,28.5719052424448,2.1686806968021e-08,4.72791583767432e-06
"ENSG00000119707","RBM25",10,47.6666067252097,2.22304450237791e-08,4.80392116807717e-06
"ENSG00000261324","",1,5.38112113606143,2.26765651871926e-08,4.84403786941299e-06
"ENSG00000140451","PIF1",6,18.9852317678007,2.28093522570289e-08,4.84403786941299e-06
"ENSG00000175063","UBE2C",6,21.3467967704298,2.49385951612557e-08,5.25095975895329e-06
"ENSG00000271204","",1,4.72236029090615,2.62080926789876e-08,5.47149460293948e-06
"ENSG00000198355","PIM3",2,10.2609205781194,2.713361747602e-08,5.61711484472062e-06
"ENSG00000113742","CPEB4",11,40.7036698206413,2.80248810728826e-08,5.74409088061771e-06
"ENSG00000124491","F13A1",2,4.58621023678333,2.82133142502433e-08,5.74409088061771e-06
"ENSG00000275894","",1,5.09301923806633,3.11165494031968e-08,6.23512554666358e-06
"ENSG00000165949","IFI27",12,46.0068350928372,3.11313351832604e-08,6.23512554666358e-06
"ENSG00000168398","BDKRB2",2,6.74109801893685,3.29539266720132e-08,6.54693535133102e-06
"ENSG00000151150","ANK3",16,50.5403170041202,3.56737264702023e-08,6.97477977455107e-06
"ENSG00000090339","ICAM1",2,7.67043617496996,3.54985592747279e-08,6.97477977455107e-06
"ENSG00000121152","NCAPH",7,29.1436963153461,3.67304169986778e-08,7.06917049033147e-06
"ENSG00000112096","SOD2",9,35.9532026353974,3.65312194005578e-08,7.06917049033147e-06
"ENSG00000196405","EVL",14,40.3354068557461,3.74265353820937e-08,7.14730774525487e-06
"ENSG00000279277","",3,14.45086400236,4.1207660798255e-08,7.7830896205126e-06
"ENSG00000173821","RNF213",19,76.6303016753668,4.13876492911366e-08,7.7830896205126e-06
"ENSG00000138346","DNA2",6,21.790237578459,4.6191721272892e-08,8.62070495119466e-06
"ENSG00000160789","LMNA",28,118.527029564451,4.6913502124207e-08,8.68957988593865e-06
"ENSG00000152284","TCF7L1",3,9.80239717271374,5.07649547886885e-08,9.28447359671479e-06
"ENSG00000115415","STAT1",23,93.5263674352694,5.08789906862796e-08,9.28447359671479e-06
"ENSG00000130589","HELZ2",5,27.1026479428697,5.15600966135547e-08,9.30860269946116e-06
"ENSG00000116560","SFPQ",9,43.3078238412014,5.17669401187814e-08,9.30860269946116e-06
"ENSG00000107742","SPOCK2",7,35.5445937695822,5.5846594205197e-08,9.96942643655818e-06
"ENSG00000115875","SRSF7",10,46.7439313817993,5.63776120055975e-08,9.99181634358198e-06
"ENSG00000267801","",1,3.70584148251881,5.818414608913e-08,1.02383317064694e-05
"ENSG00000236901","MIR600HG",2,6.87971028677721,6.56023980601178e-08,1.13865290728251e-05
"ENSG00000197747","S100A10",4,20.8416384182604,6.56337377041268e-08,1.13865290728251e-05
"ENSG00000135046","ANXA1",8,34.0052514625638,6.93760233985245e-08,1.19515967582004e-05
"ENSG00000143815","LBR",7,22.8041114419942,7.65009927263304e-08,1.30875135820358e-05
"ENSG00000113645","WWC1",11,50.7500254878174,8.01830306058545e-08,1.36228204067257e-05
"ENSG00000168675","LDLRAD4",12,28.1118725183912,8.41781161701234e-08,1.41069924615714e-05
"ENSG00000164136","IL15",5,13.1811870924562,8.36702402246514e-08,1.41069924615714e-05
"ENSG00000011426","ANLN",10,36.4936091677252,9.95884227828666e-08,1.65767621301076e-05
"ENSG00000188486","H2AX",2,12.5186151116576,1.07546349969087e-07,1.77812371240836e-05
"ENSG00000145526","CDH18",7,17.8013863469471,1.09388329091047e-07,1.79652099143864e-05
"ENSG00000122566","HNRNPA2B1",22,96.6914628309193,1.12622042001237e-07,1.83738013556322e-05
"ENSG00000178104","PDE4DIP",22,63.7326533624786,1.18798706208556e-07,1.91281446238417e-05
"ENSG00000185432","METTL7A",4,12.0873363197173,1.18291713330133e-07,1.91281446238417e-05
"ENSG00000006534","ALDH3B1",9,31.1100942301536,1.23438905195108e-07,1.9746217074555e-05
"ENSG00000164828","SUN1",25,106.094749240327,1.27437858609238e-07,2.01778764053059e-05
"ENSG00000111206","FOXM1",10,39.3467560765581,1.27775470640459e-07,2.01778764053059e-05
"ENSG00000157601","MX1",18,60.1964669313991,1.30061014646086e-07,2.04079815019511e-05
"ENSG00000117461","PIK3R3",5,18.7284518335544,1.4729110486882e-07,2.29652934711607e-05
"ENSG00000198554","WDHD1",3,14.1062150733692,1.50617991244927e-07,2.33363158133256e-05
"ENSG00000119969","HELLS",6,26.3763697247886,1.51869214069622e-07,2.33831130537821e-05
"ENSG00000136527","TRA2B",10,54.9371985170328,1.55103934111985e-07,2.37328286760792e-05
"ENSG00000136450","SRSF1",7,40.7567419672164,1.62245541537329e-07,2.46723389862475e-05
"ENSG00000076382","SPAG5",7,18.8204487515292,1.66193060063986e-07,2.51175830348239e-05
"ENSG00000139354","GAS2L3",8,22.4626300377427,1.70931712274448e-07,2.56762361700063e-05
"ENSG00000089006","SNX5",14,59.7474877024224,1.77945294567607e-07,2.65677717071091e-05
"ENSG00000169231","THBS3",8,34.3664151319496,1.84860023809615e-07,2.74338957021076e-05
"ENSG00000161682","FAM171A2",4,12.778765487805,1.86083183489043e-07,2.74500552410334e-05
"ENSG00000180998","GPR137C",4,13.8842180234106,1.94384177791138e-07,2.85038941659802e-05
"ENSG00000278705","H4C2",1,6.83391317540359,2.29493885031702e-07,3.34531470873135e-05
"ENSG00000082641","NFE2L1",13,57.1789219085792,2.35510828850745e-07,3.41282898161065e-05
"ENSG00000066279","ASPM",7,28.4648586105656,2.63249962546622e-07,3.79249288148306e-05
"ENSG00000101057","MYBL2",2,11.8214424646552,2.66395821978878e-07,3.79344570777437e-05
"ENSG00000127954","STEAP4",3,8.78686620957333,2.64987594423259e-07,3.79344570777437e-05
"ENSG00000286522","H3C2",1,7.44671483775585,2.70403172194529e-07,3.8283805442599e-05
"ENSG00000226380","",2,8.35604367705329,2.75325417024095e-07,3.87579522765062e-05
"ENSG00000237649","KIFC1",4,14.2826409729422,2.84439297829827e-07,3.98134210343056e-05
"ENSG00000112984","KIF20A",4,13.3620110980726,2.86383539326474e-07,3.98590875215123e-05
"ENSG00000211445","GPX3",6,18.9489772182018,2.92895495370775e-07,4.0536407463253e-05
"ENSG00000145604","SKP2",12,39.3753638944208,2.98980244219939e-07,4.09187684242123e-05
"ENSG00000168427","KLHL30",1,3.8628538289336,2.98230843613434e-07,4.09187684242123e-05
"ENSG00000171208","NETO2",5,17.4287791444985,3.22142053195487e-07,4.384513525122e-05
"ENSG00000187741","FANCA",18,45.0308801654978,3.45139047455168e-07,4.67170353519673e-05
"ENSG00000094804","CDC6",5,15.6782733429175,3.48812274973673e-07,4.69562316610734e-05
"ENSG00000004777","ARHGAP33",8,26.4700201937051,3.8000083718514e-07,5.08767425220431e-05
"ENSG00000122952","ZWINT",6,23.6641562246577,3.88207446130348e-07,5.16945428941683e-05
"ENSG00000198830","HMGN2",9,42.3978215120791,4.07134938786898e-07,5.39234904140604e-05
"ENSG00000234745","HLA-B",6,24.4660498452251,4.09890885317532e-07,5.39981922983818e-05
"ENSG00000151503","NCAPD3",8,32.1696945478011,4.23530205705767e-07,5.54982266891573e-05
"ENSG00000073849","ST6GAL1",18,56.0813423384284,4.32966713676414e-07,5.64345766741718e-05
"ENSG00000092421","SEMA6A",4,12.2226847755294,4.50795375289646e-07,5.84491793171601e-05
"ENSG00000173846","PLK3",6,24.0791788994106,4.6009361617414e-07,5.93424410180625e-05
"ENSG00000107262","BAG1",11,42.8509243114714,4.73591947088724e-07,6.07653000860975e-05
"ENSG00000137959","IFI44L",10,28.11779094295,4.97518755216358e-07,6.35045312681605e-05
"ENSG00000229167","",2,4.3049255878666,5.11608834067808e-07,6.49664104497961e-05
"ENSG00000163900","TMEM41A",6,21.4435041535568,5.33200039687882e-07,6.67246632200877e-05
"ENSG00000171368","TPPP",1,6.75448093649259,5.33580623274093e-07,6.67246632200877e-05
"ENSG00000142961","MOB3C",2,10.5351967742911,5.28255124809521e-07,6.67246632200877e-05
"ENSG00000278637","H4C1",1,5.42176767543891,5.46681566010735e-07,6.8017678680174e-05
"ENSG00000039560","RAI14",22,80.4778525392723,5.83821937567308e-07,7.22736353365359e-05
"ENSG00000105327","BBC3",3,10.6763489765137,6.22291308715014e-07,7.66507319509718e-05
"ENSG00000085552","IGSF9",6,23.8240127927108,6.58335830895679e-07,8.06870805677366e-05
"ENSG00000089041","P2RX7",1,4.57594690905134,6.85666542425462e-07,8.36207686764914e-05
"ENSG00000137804","NUSAP1",8,28.8723789330605,6.94993133823095e-07,8.43406692203544e-05
"ENSG00000260604","",1,3.88377813307937,7.21029748841825e-07,8.70714110917567e-05
"ENSG00000197705","KLHL14",3,15.526502136791,7.46542109454508e-07,8.97125115434722e-05
"ENSG00000099783","HNRNPM",14,55.5895488924309,8.06805229988232e-07,9.60363996153511e-05
"ENSG00000161692","DBF4B",7,23.0539259638479,8.06963049335404e-07,9.60363996153511e-05
"ENSG00000134030","CTIF",9,31.0141764002157,8.85690511223278e-07,0.000104898969923007
"ENSG00000076513","ANKRD13A",9,37.8642514106696,9.11360786089094e-07,0.000107422837154569
"ENSG00000166710","B2M",8,32.6426045163921,1.02261002442822e-06,0.00011996189500852
"ENSG00000163083","INHBB",1,6.44261458639481,1.07144812859315e-06,0.000125095377478163
"ENSG00000198901","PRC1",14,41.854757077491,1.08232426923266e-06,0.000125769143266729
"ENSG00000279838","",1,3.84125341398574,1.14985525937923e-06,0.000132989128238532
"ENSG00000112081","SRSF3",7,42.400355750867,1.17061729473151e-06,0.000134434317162478
"ENSG00000163347","CLDN1",2,9.92275349524608,1.17326479358363e-06,0.000134434317162478
"ENSG00000182795","C1orf116",2,9.22134523431542,1.22522712408759e-06,0.000139738287971749
"ENSG00000104960","PTOV1",13,48.5483917212537,1.2377308667121e-06,0.000140513824430657
"ENSG00000160949","TONSL",3,13.9406260212395,1.30777443443611e-06,0.000147784510056576
"ENSG00000184992","BRI3BP",3,17.3805543240647,1.37606113125558e-06,0.00015479116880585
"ENSG00000234975","FTH1P2",1,4.20291848407597,1.43458954609716e-06,0.000160641424855016
"ENSG00000170412","GPRC5C",12,44.2496288500123,1.49125538728224e-06,0.000166231115229403
"ENSG00000233822","H2BC15",3,15.1649623350497,1.53836637238629e-06,0.000170710160287101
"ENSG00000147883","CDKN2B",3,15.2281531518759,1.59152847438409e-06,0.000175715400050853
"ENSG00000278828","H3C10",1,7.12777875933956,1.5993374640907e-06,0.000175715400050853
"ENSG00000263563","UBBP4",1,3.35266562214287,1.61200245226275e-06,0.000175715400050853
"ENSG00000097046","CDC7",4,14.8542941970497,1.60606680840798e-06,0.000175715400050853
"ENSG00000128342","LIF",2,10.2123214051557,1.63967061340614e-06,0.000177943989256653
"ENSG00000093009","CDC45",9,19.2257774000603,1.68653803274344e-06,0.000181482461708289
"ENSG00000085999","RAD54L",10,23.9809073121258,1.69437654527731e-06,0.000181482461708289
"ENSG00000170004","CHD3",16,66.6769079875871,1.69253318280288e-06,0.000181482461708289
"ENSG00000105971","CAV2",4,15.8747757665876,1.72172488105024e-06,0.000183613387206375
"ENSG00000115295","CLIP4",10,35.4150596495189,1.75292678539081e-06,0.000186135135164235
"ENSG00000007944","MYLIP",2,9.29232493606989,1.77953714221048e-06,0.000188149774671052
"ENSG00000160014","CALM3",9,33.9010619319389,1.93230712916373e-06,0.000203429000542515
"ENSG00000198826","ARHGAP11A",8,30.8625423452685,2.0131642194729e-06,0.000211039576794532
"ENSG00000130726","TRIM28",15,68.3538501581097,2.14030118911815e-06,0.000223416609296295
"ENSG00000068489","PRR11",4,15.8474197158683,2.16381188485211e-06,0.000224917745921231
"ENSG00000162366","PDZK1IP1",1,3.92053674359615,2.18989882563611e-06,0.000226672930964478
"ENSG00000183255","PTTG1IP",6,33.6159467490537,2.22127226539636e-06,0.000228958335807696
"ENSG00000163746","PLSCR2",1,4.16233284070414,2.39685647144996e-06,0.000246027329892374
"ENSG00000013364","MVP",9,30.2777953160304,2.42904375677364e-06,0.000248296651237007
"ENSG00000062822","POLD1",11,35.1001261519063,2.44989810207755e-06,0.000249393552663969
"ENSG00000115163","CENPA",5,15.1589841236781,2.46517880862227e-06,0.000249424931953069
"ENSG00000063244","U2AF2",8,41.0070397318881,2.47677050960138e-06,0.000249424931953069
"ENSG00000241322","CDRT1",3,7.48329803275542,2.48058081301003e-06,0.000249424931953069
"ENSG00000197409","H3C4",1,6.82046239869796,2.52298785606059e-06,0.000252657747292897
"ENSG00000141524","TMC6",19,69.5377398320806,2.61901560337812e-06,0.000261212345705344
"ENSG00000180573","H2AC6",3,17.9650215125689,2.62968251345063e-06,0.000261218664188936
"ENSG00000166046","TCP11L2",8,27.0687256412619,2.70259597990865e-06,0.000267383341225099
"ENSG00000149503","INCENP",5,22.1993419954754,2.74170210729623e-06,0.000269067398555027
"ENSG00000262074","SNORD3B-2",1,6.44497140800072,2.76731643607354e-06,0.000269067398555027
"ENSG00000157514","TSC22D3",5,18.0338021301195,2.76836861452245e-06,0.000269067398555027
"ENSG00000143674","MAP3K21",3,16.3980743400538,2.77422850549936e-06,0.000269067398555027
"ENSG00000043143","JADE2",14,55.0977063601145,2.74503677306669e-06,0.000269067398555027
"ENSG00000168268","NT5DC2",9,26.9807231851486,2.92426919663357e-06,0.000282507339839483
"ENSG00000132003","ZSWIM4",2,11.8176800398712,2.99100808157063e-06,0.00028782610972458
"ENSG00000154839","SKA1",2,8.00638895813524,3.08891063745044e-06,0.000294943075789115
"ENSG00000185567","AHNAK2",4,22.4367323000636,3.08191667694958e-06,0.000294943075789115
"ENSG00000111912","NCOA7",9,37.9207894006786,3.12860058106201e-06,0.000297579441368582
"ENSG00000275379","H3C11",1,6.05844130672814,3.28189108105531e-06,0.00031095917992999
"ENSG00000166803","PCLAF",6,18.4528567648816,3.55317526749412e-06,0.000330311217791388
"ENSG00000116679","IVNS1ABP",9,45.6128951201881,3.54099064712739e-06,0.000330311217791388
"ENSG00000185480","PARPBP",9,28.4049753363049,3.53079628052496e-06,0.000330311217791388
"ENSG00000158406","H4C8",3,17.0915784415621,3.54520251291739e-06,0.000330311217791388
"ENSG00000117632","STMN1",9,38.5128889384358,3.51264017633352e-06,0.000330311217791388
"ENSG00000188529","SRSF10",15,62.4955909803428,3.62559658696305e-06,0.000335776586164792
"ENSG00000161547","SRSF2",7,37.8229521959114,3.68981707279632e-06,0.000339174043240065
"ENSG00000133216","EPHB2",6,24.8726756555047,3.68731167106969e-06,0.000339174043240065
"ENSG00000173894","CBX2",3,9.70649013973584,3.74681333351775e-06,0.000343132886510074
"ENSG00000099260","PALMD",4,16.729377055288,3.8476161841573e-06,0.000351059350728574
"ENSG00000248498","ASNSP1",2,3.59908716891265,3.89403281097113e-06,0.000352938395152537
"ENSG00000138166","DUSP5",2,10.6139986250721,3.89686395297301e-06,0.000352938395152537
"ENSG00000180596","H2BC4",2,12.5743425895096,3.96785888868047e-06,0.000358052028288071
"ENSG00000161798","AQP5",2,9.46583824557,4.30737120396538e-06,0.000387270400035355
"ENSG00000140534","TICRR",3,13.6471518105249,4.3409845387904e-06,0.000388873287684005
"ENSG00000268089","GABRQ",1,3.9775588987186,4.4137251425591e-06,0.000393956952488925
"ENSG00000011422","PLAUR",6,15.0676313250502,4.4455149134551e-06,0.000395361949072081
"ENSG00000160213","CSTB",4,17.6248242157491,4.46635542279742e-06,0.000395786567771994
"ENSG00000158710","TAGLN2",5,28.8887268246603,4.54962496085237e-06,0.000401720469213613
"ENSG00000273703","H2BC14",1,4.06065646698325,4.71548431205851e-06,0.000414878414384148
"ENSG00000163808","KIF15",4,12.9566791362599,4.77523329204703e-06,0.000418640114411312
"ENSG00000101986","ABCD1",3,11.4175940748224,5.08488021316975e-06,0.000444205759047649
"ENSG00000105974","CAV1",7,20.828442880353,5.21088541448658e-06,0.000453604813377656
"ENSG00000162521","RBBP4",14,60.231673415676,5.24368772729913e-06,0.000454852982964839
"ENSG00000147862","NFIB",14,60.6320991235544,5.38390895577141e-06,0.000465377533773434
"ENSG00000089685","BIRC5",7,24.3741852537163,5.408059914708e-06,0.00046583061538053
"ENSG00000148426","PROSER2",5,18.1157996112543,5.48777585455153e-06,0.00047105002849086
"ENSG00000164197","RNF180",2,7.86634604648072,5.53115496988137e-06,0.000473125009316068
"ENSG00000135486","HNRNPA1",21,97.2138666723524,5.55996462666159e-06,0.000473943697501066
"ENSG00000183742","MACC1",5,23.269850146257,5.5884909730671e-06,0.000474732672832786
"ENSG00000198729","PPP1R14C",1,3.44800223008615,5.70552916860792e-06,0.000483009316387134
"ENSG00000196352","CD55",11,44.4515679523213,5.81858874965718e-06,0.000490893609067824
"ENSG00000166851","PLK1",3,13.3429721859006,5.9190063765048e-06,0.000497661167526265
"ENSG00000145721","LIX1",2,6.85229708593363,6.13831580944768e-06,0.000514344931856271
"ENSG00000197061","H4C3",1,7.00771178349583,6.2442974748633e-06,0.000521451756926296
"ENSG00000275126","H4C13",1,5.57112143878178,6.34692575520379e-06,0.000528231472903531
"ENSG00000107372","ZFAND5",7,38.4623132451905,6.74354952236289e-06,0.000557474303635603
"ENSG00000080824","HSP90AA1",8,38.3835801348563,6.73798202926446e-06,0.000557474303635603
"ENSG00000088325","TPX2",2,13.1165833238083,6.85820659616021e-06,0.000565056586944504
"ENSG00000198736","MSRB1",3,10.8697183384258,6.95895014810303e-06,0.000571445789661727
"ENSG00000146918","NCAPG2",10,37.6664712862851,7.26791594790125e-06,0.000594834250420423
"ENSG00000184270","H2AC21",1,6.87660233208221,7.43761499965836e-06,0.000606707435485376
"ENSG00000161996","WDR90",20,61.7866407351648,8.50813855773747e-06,0.000691742552375784
"ENSG00000167106","FAM102A",6,28.0692523764334,8.54373045028668e-06,0.000692351314614514
"ENSG00000142945","KIF2C",6,18.2228799954231,8.58261443289249e-06,0.000693221988702645
"ENSG00000273706","LHX1",4,12.8954001008328,8.85266167533277e-06,0.000712697125398114
"ENSG00000105771","SMG9",9,34.5481220973057,9.02361167933138e-06,0.000721742447143924
"ENSG00000010292","NCAPD2",10,34.6204675644239,9.00069519677232e-06,0.000721742447143924
"ENSG00000276966","H4C5",1,7.6001903117259,9.23271259273271e-06,0.000736077264472396
"ENSG00000188818","ZDHHC11",9,29.3132651995002,9.38147472970976e-06,0.000745524612794839
"ENSG00000259781","HMGB1P6",1,5.81762221060856,9.48105115519663e-06,0.0007486079974624
"ENSG00000111665","CDCA3",7,24.2468404073871,9.47017853228588e-06,0.0007486079974624
"ENSG00000132530","XAF1",11,30.324002753492,9.62250105438002e-06,0.000757349244327961
"ENSG00000169429","CXCL8",1,2.62187356974097,9.69146234982827e-06,0.000760347691044648
"ENSG00000203811","H3C14",1,7.96241587077875,1.0071256474904e-05,0.000785143681200187
"ENSG00000203852","H3C15",1,7.96241587077875,1.0071256474904e-05,0.000785143681200187
"ENSG00000065809","FAM107B",15,39.2686928962542,1.15144462154776e-05,0.000892007492195882
"ENSG00000277775","H3C7",1,7.21266027847159,1.14970943178816e-05,0.000892007492195882
"ENSG00000183580","FBXL7",2,6.17927053487584,1.19776008594507e-05,0.000924978674522156
"ENSG00000148773","MKI67",4,20.4093428783942,1.20853453198272e-05,0.000930382756106072
"ENSG00000198959","TGM2",4,22.8607364864944,1.21610244866875e-05,0.000933292330933165
"ENSG00000136999","CCN3",2,10.6224007977036,1.22684616046525e-05,0.000938613514380787
"ENSG00000112742","TTK",5,15.2591431734017,1.23571276724031e-05,0.000942470093528326
"ENSG00000278463","H2AC4",1,5.56805221410639,1.26279394131745e-05,0.00096015212173936
"ENSG00000164733","CTSB",37,143.058879669111,1.30387000256617e-05,0.000988333461945156
"ENSG00000275713","H2BC9",1,7.18071825386855,1.39460696249134e-05,0.00105386940248387
"ENSG00000172183","ISG20",5,15.1035300062364,1.41104501030516e-05,0.00106303039232011
"ENSG00000171552","BCL2L1",11,56.7671596465035,1.44416490512861e-05,0.00107950820065985
"ENSG00000182022","CHST15",4,19.4483926237822,1.44606334977775e-05,0.00107950820065985
"ENSG00000131747","TOP2A",4,14.4414159968071,1.44171517965932e-05,0.00107950820065985
"ENSG00000075218","GTSE1",4,13.9000204819067,1.47511434883527e-05,0.00109786833787181
"ENSG00000007062","PROM1",6,11.5587816911614,1.51378424308541e-05,0.00112325526591594
"ENSG00000134516","DOCK2",4,9.41487180471584,1.62267940810565e-05,0.0012004416582187
"ENSG00000114251","WNT5A",4,13.6430943428074,1.69201809576177e-05,0.00124798999368537
"ENSG00000165891","E2F7",4,12.9795749905729,1.71623565929889e-05,0.00125831742460798
"ENSG00000024526","DEPDC1",4,15.882700940576,1.71211124175866e-05,0.00125831742460798
"ENSG00000235888","",1,4.43561565252809,1.73551416470489e-05,0.00126867630408027
"ENSG00000197321","SVIL",14,57.1573694998263,1.75278369283848e-05,0.00127750965304958
"ENSG00000108691","CCL2",1,3.1720794498023,1.7688317038385e-05,0.00128540321604901
"ENSG00000166278","C2",5,11.8193477266286,1.77824609108976e-05,0.00128815531424463
"ENSG00000162645","GBP2",4,15.5077911900471,1.78307676946384e-05,0.00128815531424463
"ENSG00000177706","FAM20C",5,17.0575401841093,1.79727270233405e-05,0.00129461441584793
"ENSG00000101447","FAM83D",2,9.62667408975974,1.82396297814566e-05,0.00131000956170899
"ENSG00000128165","ADM2",1,3.99107480151255,1.9023113686655e-05,0.00136230931881031
"ENSG00000152253","SPC25",2,6.61411882612764,1.91725810951926e-05,0.00136903343559441
"ENSG00000152270","PDE3B",3,7.32631933161113,1.94128951356198e-05,0.00137863286638506
"ENSG00000131981","LGALS3",5,19.5368982792227,1.94270688195696e-05,0.00137863286638506
"ENSG00000196954","CASP4",8,23.2966283262516,1.94749030851229e-05,0.00137863286638506
"ENSG00000203760","CENPW",2,9.56416610020374,1.97382739804363e-05,0.00139327329371934
"ENSG00000039139","DNAH5",8,20.5999755494819,1.9865064108637e-05,0.00139821672661792
"ENSG00000092853","CLSPN",4,17.9405323630884,2.08270859244438e-05,0.00146175288247485
"ENSG00000166145","SPINT1",11,39.1653595663941,2.09209707453612e-05,0.00146417077929538
"ENSG00000262202","",1,5.8883051356294,2.11064502378744e-05,0.00146880621923739
"ENSG00000101911","PRPS2",4,14.537069002112,2.10907390240165e-05,0.00146880621923739
"ENSG00000175130","MARCKSL1",1,7.75809772862327,2.13237884315228e-05,0.00147975078312835
"ENSG00000267288","",1,4.28717687915356,2.19243439848314e-05,0.00151715228670315
"ENSG00000156802","ATAD2",7,29.8401345298891,2.23880899182279e-05,0.00154490362783066
"ENSG00000137563","GGH",7,20.76694620834,2.27554578599062e-05,0.00156586788932623
"ENSG00000168394","TAP1",6,18.0171348180375,2.28290588103015e-05,0.00156655672365398
"ENSG00000130513","GDF15",2,8.44228241198903,2.31645651195215e-05,0.0015851640603317
"ENSG00000160957","RECQL4",5,19.9880720212761,2.38764001293079e-05,0.00162934935508449
"ENSG00000175305","CCNE2",4,10.8473946232419,2.41679463701011e-05,0.00164468883653989
"ENSG00000169851","PCDH7",7,38.541575203538,2.49191710468275e-05,0.00169113988633222
"ENSG00000278588","H2BC10",1,6.38138216218789,2.52388299266238e-05,0.00170812795396257
"ENSG00000272752","STAG3L5P-PVRIG2P-PILRB",3,15.9881548487012,2.57583112163261e-05,0.00173615077652652
"ENSG00000115414","FN1",10,45.4905702009919,2.57938373943051e-05,0.00173615077652652
"ENSG00000107281","NPDC1",5,17.5929845796601,2.68510307601416e-05,0.00180238458522095
"ENSG00000014138","POLA2",7,23.3821149556697,2.71904582591023e-05,0.00182020907394833
"ENSG00000131773","KHDRBS3",6,18.6101801265973,2.77150035034611e-05,0.00185029569460099
"ENSG00000151692","RNF144A",3,10.8761068139961,2.77994085380221e-05,0.00185091467387615
"ENSG00000274978","RNU11",1,4.63717531058959,2.90719311512541e-05,0.00193042324504352
"ENSG00000089127","OAS1",14,43.3899176476515,2.97376320169931e-05,0.00196931872241566
"ENSG00000112029","FBXO5",3,12.0144238818828,2.99586696502299e-05,0.00197334713057062
"ENSG00000123485","HJURP",4,15.1336829421001,2.9879976821395e-05,0.00197334713057062
"ENSG00000164951","PDP1",6,26.9686638560244,3.06775814253841e-05,0.00201531258243823
"ENSG00000184661","CDCA2",4,13.4708583097945,3.22294857524425e-05,0.00211163133380697
"ENSG00000167004","PDIA3",6,28.7622849143003,3.24189517494491e-05,0.00211841081259331
"ENSG00000091490","SEL1L3",6,21.6313210687868,3.30934378065519e-05,0.00215107345742587
"ENSG00000126787","DLGAP5",4,16.1083855220714,3.30471834163991e-05,0.00215107345742587
"ENSG00000277224","H2BC7",1,6.75507676188754,3.34394088496895e-05,0.00216784167634764
"ENSG00000059378","PARP12",11,38.0560836796238,3.36776659798958e-05,0.00217755722156098
"ENSG00000197858","GPAA1",12,43.3852627993258,3.42553874251839e-05,0.00220137368127386
"ENSG00000017427","IGF1",3,9.10701567578966,3.43140853910761e-05,0.00220137368127386
"ENSG00000185630","PBX1",18,71.1759459131364,3.41796028658581e-05,0.00220137368127386
"ENSG00000233597","",1,4.04901474485132,3.44105508014958e-05,0.00220182836102558
"ENSG00000074181","NOTCH3",4,18.3389498199987,3.46982508515032e-05,0.0022144855174269
"ENSG00000230037","UBBP1",1,3.45132653506645,3.51885804743197e-05,0.00223997591727355
"ENSG00000005001","PRSS22",6,19.4290478186491,3.54014856777106e-05,0.00224772061770722
"ENSG00000142230","SAE1",10,37.6903538086582,3.57560372283043e-05,0.00226363988258039
"ENSG00000253276","CCDC71L",2,9.99220573395239,3.59109862022939e-05,0.00226363988258039
"ENSG00000134532","SOX5",7,19.2419795327877,3.60197618823427e-05,0.00226363988258039
"ENSG00000162063","CCNF",4,14.7872244203131,3.5964239565687e-05,0.00226363988258039
"ENSG00000165480","SKA3",3,9.16310334364085,3.63982290370169e-05,0.00227305880733043
"ENSG00000137193","PIM1",2,8.90860233403581,3.64464472861993e-05,0.00227305880733043
"ENSG00000204525","HLA-C",7,21.8760397675354,3.6300889326403e-05,0.00227305880733043
"ENSG00000116396","KCNC4",7,19.8515098472242,3.71503861795791e-05,0.00231111051397457
"ENSG00000101335","MYL9",2,14.0302909028048,3.73272209065012e-05,0.00231626218395884
"ENSG00000273983","H3C8",1,6.61421250538415,3.74543462967534e-05,0.00231831110809176
"ENSG00000025708","TYMP",6,20.2034006717214,3.78190994138289e-05,0.00233502133849543
"ENSG00000133026","MYH10",10,38.1484279104991,3.86921948243297e-05,0.00237866716452204
"ENSG00000072274","TFRC",13,51.2831090809818,3.8719120477911e-05,0.00237866716452204
"ENSG00000167996","FTH1",10,61.3017378004766,3.91789640816477e-05,0.00240092980137162
"ENSG00000183971","NPW",1,3.80108400975444,4.01475859389201e-05,0.00245418307594366
"ENSG00000109805","NCAPG",5,16.3742181509378,4.06608046522862e-05,0.00247940327378483
"ENSG00000110619","CARS1",12,43.9415114322799,4.17214600840061e-05,0.00253779794856664
"ENSG00000130487","KLHDC7B",1,2.41730093301573,4.19450140561499e-05,0.00254511187505727
"ENSG00000221963","APOL6",1,6.64822072770283,4.24605391276315e-05,0.00257006236218477
"ENSG00000169750","RAC3",3,10.7236878051798,4.26024924724442e-05,0.00257233431877123
"ENSG00000137364","TPMT",1,5.94555922027658,4.32315682219002e-05,0.00260393565561494
"ENSG00000198331","HYLS1",3,10.8317223693118,4.33669403934711e-05,0.00260571847949551
"ENSG00000102302","FGD1",1,4.41537396132271,4.45029138891238e-05,0.00264993012947732
"ENSG00000136514","RTP4",1,4.42117929288848,4.4334718842727e-05,0.00264993012947732
"ENSG00000204539","CDSN",1,2.84602673082762,4.46455429671284e-05,0.00264993012947732
"ENSG00000113916","BCL6",10,32.1492643202933,4.46164617122012e-05,0.00264993012947732
"ENSG00000186594","MIR22HG",5,13.1923561956448,4.45050127777031e-05,0.00264993012947732
"ENSG00000197536","IRF1-AS1",6,19.2355083323249,4.47481604977701e-05,0.00264993012947732
"ENSG00000232533","",1,4.66445576583762,4.48736423955489e-05,0.00265098844224064
"ENSG00000170558","CDH2",9,28.6317064339292,4.50675098637956e-05,0.00265607202271437
"ENSG00000145113","MUC4",3,9.57713678992717,4.58898357716688e-05,0.0026960846904254
"ENSG00000092820","EZR",3,23.6599689482482,4.59653164188621e-05,0.0026960846904254
"ENSG00000197472","ZNF695",4,11.476924169185,4.60814546386876e-05,0.00269647656775313
"ENSG00000112877","CEP72",4,17.4457826789401,4.7061262725309e-05,0.00274728485127485
"ENSG00000278677","H2AC17",1,6.67374457412484,4.84354167367326e-05,0.00282081912839104
"ENSG00000177889","UBE2N",5,25.5341957817473,4.91685442368908e-05,0.00285676199829199
"ENSG00000106560","GIMAP2",2,4.88444502460461,4.94657923222681e-05,0.00286727010319782
"ENSG00000159713","TPPP3",5,20.798977320208,5.02332490529317e-05,0.00290492040004453
"ENSG00000185130","H2BC13",1,6.36635753200449,5.12428000804863e-05,0.00294945415883827
"ENSG00000287051","",1,4.89241353192604,5.11333898619603e-05,0.00294945415883827
"ENSG00000163535","SGO2",4,11.147266254459,5.13695371453259e-05,0.00294985675425432
"ENSG00000160209","PDXK",17,67.0832721845827,5.32680896584091e-05,0.00305176602031374
"ENSG00000197971","MBP",10,33.0199762546305,5.352602831853e-05,0.00305942855597909
"ENSG00000135052","GOLM1",5,17.9335107383119,5.38624939038623e-05,0.00307153365120752
"ENSG00000102384","CENPI",8,23.11513909304,5.47993590739311e-05,0.00311774182629629
"ENSG00000140297","GCNT3",2,5.96097468131854,5.525052851681e-05,0.00312895809198072
"ENSG00000131018","SYNE1",7,19.8031907311433,5.51255753509621e-05,0.00312895809198072
"ENSG00000117399","CDC20",4,17.0521940972096,5.61554349356548e-05,0.00317291087073362
"ENSG00000151725","CENPU",6,20.1982104067409,5.75103210941959e-05,0.00324202919944054
"ENSG00000183850","ZNF730",2,5.46792657907389,5.76841382621144e-05,0.00324440352987943
"ENSG00000113739","STC2",5,22.0788962332107,5.80755502604985e-05,0.00325897763249973
"ENSG00000108639","SYNGR2",6,24.6238984908103,5.86090609976361e-05,0.00328144140381083
"ENSG00000151882","CCL28",4,20.0485839859784,5.92550786151138e-05,0.0033100881217309
"ENSG00000094916","CBX5",4,21.18123437073,5.95510990828456e-05,0.00331909802241154
"ENSG00000203635","",1,6.01643579542389,6.03189686992198e-05,0.00335004440847887
"ENSG00000286172","RNVU1-8",1,3.07052844228298,6.03783120505224e-05,0.00335004440847887
"ENSG00000288563","",1,2.25202284359489,6.09174775153635e-05,0.00337236417660894
"ENSG00000162949","CAPN13",7,19.9653376252022,6.11625720468009e-05,0.00337834072280928
"ENSG00000143401","ANP32E",8,29.1891642781273,6.18610374386824e-05,0.00340927663825938
"ENSG00000232672","ACTG1P21",1,4.52630784044176,6.49806266591629e-05,0.00357320923604571
"ENSG00000167771","RCOR2",1,4.92458519522168,6.53904419224709e-05,0.00358773616204916
"ENSG00000141664","ZCCHC2",9,30.7031915578704,6.55511287095515e-05,0.00358856012391067
"ENSG00000163655","GMPS",3,18.6864167954041,6.80331643329354e-05,0.00371617960829681
"ENSG00000206344","HCG27",3,5.92533206003905,6.82211471466614e-05,0.00371820345123452
"ENSG00000260293","",1,5.27418013177511,6.85890403285884e-05,0.00373000222625778
"ENSG00000176595","KBTBD11",1,2.18127482124644,6.9826472534896e-05,0.00378893205043428
"ENSG00000231925","TAPBP",8,36.3300729652238,7.15606622963355e-05,0.00387449871575874
"ENSG00000183598","H3C13",1,6.67892232739268,7.20492728645309e-05,0.00389239876538973
"ENSG00000221926","TRIM16",14,34.3984450787276,7.30960221425886e-05,0.00394030745182204
"ENSG00000215529","EFCAB8",1,2.69563815841756,7.33674730207198e-05,0.00394630501717343
"ENSG00000071205","ARHGAP10",3,9.63021267547683,7.38778577934702e-05,0.00395648049291769
"ENSG00000109674","NEIL3",2,7.57881276418792,7.37884400642104e-05,0.00395648049291769
"ENSG00000179029","TMEM107",4,14.4129313267361,7.41366668183206e-05,0.00396172838843672
"ENSG00000162413","KLHL21",4,17.6440652486677,7.43450771194294e-05,0.00396426617930118
"ENSG00000166501","PRKCB",2,6.09967906243168,7.54502005684402e-05,0.00401450473218904
"ENSG00000160791","CCR5",1,2.04667105425871,7.82557583771775e-05,0.00415480734401243
"ENSG00000197903","H2BC12",1,7.6480459947839,7.97283099849193e-05,0.00422388584188922
"ENSG00000267886","",2,7.55388460210544,7.99234604634783e-05,0.00422513830154032
"ENSG00000187244","BCAM",8,41.2062005751426,8.08539428844995e-05,0.00426517533824335
"ENSG00000174547","MRPL11",5,20.3049598550064,8.12478898292013e-05,0.00427679864517601
"ENSG00000101608","MYL12A",6,21.9108036318156,8.40092530955239e-05,0.00439398715500686
"ENSG00000183853","KIRREL1",4,23.6108290748371,8.38488670082467e-05,0.00439398715500686
"ENSG00000143228","NUF2",7,20.7704313187222,8.36874681582349e-05,0.00439398715500686
"ENSG00000165168","CYBB",2,6.73964540050297,8.45534589085945e-05,0.0044130814835026
"ENSG00000184260","H2AC20",1,7.47204363705806,8.5114827668494e-05,0.00443298896324175
"ENSG00000112208","BAG2",1,5.49551606929001,8.7788756615995e-05,0.00456260763551696
"ENSG00000265185","SNORD3B-1",1,5.11854444778506,8.83739577921229e-05,0.00457372363489275
"ENSG00000134202","GSTM3",4,14.4757382522537,8.8232319962315e-05,0.00457372363489275
"ENSG00000101974","ATP11C",5,14.766576831215,8.99708959764449e-05,0.00464661010981073
"ENSG00000124207","CSE1L",3,16.8786246364358,9.09163692838604e-05,0.0046758345664048
"ENSG00000178209","PLEC",14,78.672555476795,9.08819826829325e-05,0.0046758345664048
"ENSG00000106351","AGFG2",5,21.0913767226686,9.21126292229331e-05,0.00472532506291584
"ENSG00000270722","RNVU1-31",1,3.70272966586435,9.22622835503357e-05,0.00472532506291584
"ENSG00000112379","ARFGEF3",1,6.2594633406991,9.25717446997397e-05,0.00473133803045247
"ENSG00000171848","RRM2",16,52.6773666206674,9.28441259545202e-05,0.00473543487140705
"ENSG00000077152","UBE2T",4,13.1467521619822,9.32487697132601e-05,0.00474624678075653
"ENSG00000111335","OAS2",10,24.5998835061843,9.35286341627239e-05,0.00475067608783238
"ENSG00000204287","HLA-DRA",1,3.8296876090474,9.41138730056911e-05,0.00477056638167737
"ENSG00000148180","GSN",13,48.3312580686117,9.4781400514816e-05,0.00479453758045687
"ENSG00000164171","ITGA2",2,6.97688858443882,9.62463442328979e-05,0.00485866534872426
"ENSG00000205269","TMEM170B",1,5.4994628889569,9.80774647592024e-05,0.00494097820929029
"ENSG00000100311","PDGFB",4,13.3177505451316,9.99268589354247e-05,0.00500345156478494
"ENSG00000233016","SNHG7",7,29.3157304633387,9.96375552312555e-05,0.00500345156478494
"ENSG00000154153","RETREG1",11,23.176156957923,9.98225912717659e-05,0.00500345156478494
"ENSG00000105011","ASF1B",3,10.0474466704296,0.000101976735962289,0.00508390064467645
"ENSG00000277075","H2AC8",1,6.88218393250883,0.00010191590246089,0.00508390064467645
"ENSG00000119772","DNMT3A",16,63.7941961345753,0.000102152661624309,0.00508390064467645
"ENSG00000004660","CAMKK1",4,13.7925868460146,0.000102927843915868,0.00511215208642624
"ENSG00000120899","PTK2B",7,21.0549310898924,0.000103573886786445,0.00513388873437438
"ENSG00000106565","TMEM176B",2,5.06673725710885,0.000104245397908881,0.00514944631606027
"ENSG00000271013","LRRC37A9P",1,3.81587882605913,0.000104305813343376,0.00514944631606027
"ENSG00000099875","MKNK2",10,40.4127109017444,0.000106752033210033,0.00524917432760311
"ENSG00000108244","KRT23",4,15.4159168186684,0.000106685786862451,0.00524917432760311
"ENSG00000160298","C21orf58",8,30.469012129823,0.00010719816930171,0.0052538722658381
"ENSG00000077097","TOP2B",6,26.9468919051239,0.000107274112024216,0.0052538722658381
"ENSG00000137628","DDX60",6,23.4534631165726,0.000108954698357371,0.00532559324213062
"ENSG00000067182","TNFRSF1A",10,31.9391557968415,0.000109564163693802,0.00534477855959763
"ENSG00000231482","",2,6.6439059828206,0.000111069127867566,0.00540748609687253
"ENSG00000279602","",1,5.42505874683929,0.000113273815194403,0.00550394563572802
"ENSG00000262001","DLGAP1-AS2",2,7.02461785281811,0.000114730685112071,0.0055500681672329
"ENSG00000085063","CD59",11,45.5990007279784,0.000115124206756891,0.0055500681672329
"ENSG00000121621","KIF18A",3,11.6314471735755,0.000115112162999821,0.0055500681672329
"ENSG00000106077","ABHD11",13,55.8218179757113,0.000115006184233826,0.0055500681672329
"ENSG00000166881","NEMP1",3,15.1558955252139,0.000116451974095194,0.00560311402702167
"ENSG00000179913","B3GNT3",3,11.0169411083014,0.00011672752085735,0.00560542393044994
"ENSG00000140853","NLRC5",11,25.6083543426965,0.000117934849595614,0.00565238330698044
"ENSG00000274641","H2BC17",1,6.44482396477624,0.000118259224357969,0.00565692425642442
"ENSG00000150712","MTMR12",7,30.3994492667099,0.000118549340089279,0.00565981200213061
"ENSG00000135373","EHF",10,45.4988083802758,0.000118980152316539,0.00566939275109851
"ENSG00000161800","RACGAP1",12,36.7469456496521,0.000120176922022059,0.00571536384944679
"ENSG00000154930","ACSS1",5,18.731388774142,0.000122170855945514,0.0057656686517581
"ENSG00000100647","SUSD6",3,13.7340046160337,0.000121478549599484,0.0057656686517581
"ENSG00000111058","ACSS3",4,14.6268043611736,0.000121939636420598,0.0057656686517581
"ENSG00000233839","",1,2.66459555875549,0.000121816411560495,0.0057656686517581
"ENSG00000165312","OTUD1",1,6.33119571917103,0.000122760771122105,0.00578243135103837
"ENSG00000149809","TM7SF2",13,39.0113343790923,0.000124825319741783,0.00586845754167714
"ENSG00000161888","SPC24",5,17.8507790733597,0.000126056722674915,0.00591506164399339
"ENSG00000156966","B3GNT7",1,5.31347017492101,0.000126845809986244,0.00593438028668507
"ENSG00000164045","CDC25A",3,10.4422060272297,0.000126950209502051,0.00593438028668507
"ENSG00000038382","TRIO",21,77.2602525781394,0.000128330135764637,0.00598752442151864
"ENSG00000196262","PPIA",12,59.2961891431265,0.000130338745354364,0.00606974478602035
"ENSG00000127564","PKMYT1",10,29.7061936134942,0.000132407461489413,0.00613131168005955
"ENSG00000285159","",1,3.77237244098773,0.000132357054141002,0.00613131168005955
"ENSG00000149591","TAGLN",6,19.5977656261919,0.000132387912733301,0.00613131168005955
"ENSG00000175455","CCDC14",16,57.6468930108279,0.000133173959190551,0.00614370877277006
"ENSG00000158402","CDC25C",6,15.3838445851631,0.000133019603864105,0.00614370877277006
"ENSG00000138771","SHROOM3",11,40.401605935556,0.000133980857185974,0.00614707662551235
"ENSG00000204540","PSORS1C1",1,4.13810476562268,0.000133995540811858,0.00614707662551235
"ENSG00000201558","RNVU1-6",1,2.67496131457513,0.00013392344401983,0.00614707662551235
"ENSG00000273542","H4C12",1,7.83297408463723,0.000134869080266497,0.00616419256468489
"ENSG00000184640","SEPTIN9",36,118.242167384698,0.000134692544257172,0.00616419256468489
"ENSG00000225639","PGAM1P2",1,3.18449612647514,0.000135326029129744,0.00617362356965046
"ENSG00000118193","KIF14",1,6.42752934566876,0.000135587633547092,0.00617412449617856
"ENSG00000080561","MID2",2,8.79730429263318,0.000136116962919742,0.00617539849268479
"ENSG00000275221","H2AC15",1,5.48770495826497,0.000136063253579888,0.00617539849268479
"ENSG00000123219","CENPK",10,26.4996078544675,0.000137588576843136,0.00622768663360692
"ENSG00000113946","CLDN16",2,8.23209849886788,0.000137991827524224,0.00622768663360692
"ENSG00000070961","ATP2B1",9,39.7475091213888,0.000138027883172291,0.00622768663360692
"ENSG00000111247","RAD51AP1",6,21.1487970949545,0.000140020982509065,0.00630606381007461
"ENSG00000126878","AIF1L",8,31.7151488054618,0.00014117073757208,0.00634624291986895
"ENSG00000142632","ARHGEF19",4,12.6215947073139,0.000144455621509093,0.00648208421835431
"ENSG00000108654","DDX5",26,109.158387568509,0.000146809235364531,0.0065757191149186
"ENSG00000074527","NTN4",6,21.1931207081728,0.000147525346975711,0.00659580203765272
"ENSG00000124193","SRSF6",6,35.5070547146766,0.000148836264559186,0.00664235756778179
"ENSG00000126368","NR1D1",1,5.18410397143742,0.000151967875038489,0.00674545693977151
"ENSG00000109436","TBC1D9",1,6.67609957499668,0.000151702506413934,0.00674545693977151
"ENSG00000169896","ITGAM",2,6.22261744040375,0.00015170414238998,0.00674545693977151
"ENSG00000254704","",1,2.72919036529813,0.000152689805020536,0.00676531177460595
"ENSG00000179222","MAGED1",7,25.6457430508522,0.000155881615015819,0.0068868052141998
"ENSG00000132341","RAN",10,51.9450691941446,0.00015634364518399,0.0068868052141998
"ENSG00000118515","SGK1",6,18.3485570326326,0.000156550067787777,0.0068868052141998
"ENSG00000222009","BTBD19",7,16.9731943756485,0.00015610464487647,0.0068868052141998
"ENSG00000186871","ERCC6L",2,8.66349297264876,0.000157386211939219,0.00691124657954129
"ENSG00000203709","MIR29B2CHG",3,11.216431461393,0.00015867082888994,0.00695525955463285
"ENSG00000164611","PTTG1",6,18.6403529878745,0.000159837819158355,0.00699396922729323
"ENSG00000271780","",1,4.10608542489895,0.00016202841926449,0.00706472585589505
"ENSG00000162909","CAPN2",8,27.5041052081229,0.000161872560214321,0.00706472585589505
"ENSG00000159259","CHAF1B",2,8.94057505994384,0.000163015809383619,0.00709377647023083
"ENSG00000101665","SMAD7",7,18.4671957230059,0.000163270601121205,0.00709377647023083
"ENSG00000196937","FAM3C",5,21.9693995501719,0.00016576519031652,0.00718948144973148
"ENSG00000133328","PLAAT2",1,3.15480291185951,0.000167010811301549,0.00723077563517338
"ENSG00000057019","DCBLD2",9,38.4284914865458,0.000168547794826901,0.0072845174132644
"ENSG00000135407","AVIL",7,20.4462349513467,0.000170103412382856,0.00733887489326034
"ENSG00000089327","FXYD5",7,20.4298372804016,0.000171165859241346,0.00737180234687162
"ENSG00000185046","ANKS1B",5,13.8451044339997,0.000171895274302502,0.00739029682799674
"ENSG00000198668","CALM1",15,66.2475031343406,0.000172522631905263,0.00740434675433129
"ENSG00000111639","MRPL51",5,23.6061552289354,0.00017294858337534,0.00740971887208956
"ENSG00000164109","MAD2L1",3,13.6160590529227,0.000175852094890559,0.00752103534310577
"ENSG00000157734","SNX22",2,3.0871053221272,0.000177448767363447,0.00757617050952951
"ENSG00000073350","LLGL2",17,58.9979052257558,0.000178895432311862,0.00762472141003932
"ENSG00000158747","NBL1",5,15.2609172675252,0.000179650315380821,0.00764367101797326
"ENSG00000099256","PRTFDC1",3,11.3049532890676,0.000180728925886533,0.0076669370421237
"ENSG00000108557","RAI1",6,28.3620989299765,0.000180819582767358,0.0076669370421237
"ENSG00000054654","SYNE2",27,112.045137926265,0.000181914284111078,0.00770010032487353
"ENSG00000070540","WIPI1",7,22.3973876567221,0.00018452516094996,0.00779721670669341
"ENSG00000145386","CCNA2",1,6.14398082880681,0.000187053994335202,0.00789053964117758
"ENSG00000065911","MTHFD2",15,58.2928838445163,0.000187608696550198,0.00790041066583611
"ENSG00000274997","H2AC12",1,6.39335529357503,0.000188960831455661,0.00793023864209574
"ENSG00000117650","NEK2",5,17.1816000890254,0.000188746580338254,0.00793023864209574
"ENSG00000182771","GRID1",2,4.72357893586181,0.000189560955368566,0.00794189478827316
"ENSG00000138336","TET1",1,5.30696183916648,0.000190006818403321,0.00794705937413552
"ENSG00000187837","H1-2",1,8.30138421175711,0.000195489380576613,0.00816250998390653
"ENSG00000174371","EXO1",4,14.1141207672223,0.000196087046154531,0.00817361147549387
"ENSG00000072501","SMC1A",7,32.8535685406154,0.000197886339891151,0.00823467902570695
"ENSG00000198467","TPM2",8,29.4972124338429,0.000199037299839841,0.00826860688289119
"ENSG00000137878","GCOM1",3,7.34375319558107,0.000201217769131476,0.00834511741170691
"ENSG00000166004","CEP295",6,22.4764808848297,0.000203847114416944,0.00843995573724609
"ENSG00000074410","CA12",1,2.42345856218437,0.00020532765212078,0.0084869911241534
"ENSG00000177300","CLDN22",1,3.1511580828947,0.000209472587723093,0.0086438144029454
"ENSG00000000460","C1orf112",7,24.2715857452625,0.000212653832830543,0.0087604133307365
"ENSG00000074416","MGLL",8,24.6126517695798,0.000213712909396104,0.00878934477958768
"ENSG00000100342","APOL1",7,24.9916075366457,0.000215123960354685,0.00883263127222943
"ENSG00000255874","PRECSIT",1,5.62513060887717,0.000216581224336915,0.0088776679892511
"ENSG00000157703","SVOPL",4,8.05023344328013,0.000222394701324945,0.00910081971285717
"ENSG00000268964","ERVV-2",1,2.88127166288242,0.000222987194350405,0.00910993289025244
"ENSG00000108846","ABCC3",5,11.3048056966532,0.000224197405317253,0.00914421039733531
"ENSG00000177494","ZBED2",1,5.41282349808804,0.000224957527924254,0.00916004743870081
"ENSG00000169045","HNRNPH1",30,135.152133962675,0.000226161850843666,0.00917874332048389
"ENSG00000282851","BISPR",7,17.6746938929793,0.000225825396148487,0.00917874332048389
"ENSG00000062716","VMP1",14,46.6427522595344,0.000227314575651557,0.00921035291311861
"ENSG00000256894","",2,7.00986206817686,0.000228612261134394,0.00923245438960323
"ENSG00000142279","WTIP",2,10.8815101299678,0.000229054660121931,0.00923245438960323
"ENSG00000171346","KRT15",9,25.3312432414602,0.000229359126707415,0.00923245438960323
"ENSG00000186193","SAPCD2",1,6.21757539967375,0.000229350398964924,0.00923245438960323
"ENSG00000168496","FEN1",2,8.34956737243675,0.000231630610428612,0.00930867877309764
"ENSG00000257588","",1,3.99825103299942,0.000236488610037764,0.0094884314467106
"ENSG00000196787","H2AC11",1,6.24515440480739,0.000237646726418798,0.0095193936671985
"ENSG00000118418","HMGN3",3,17.2344987144383,0.000239667980341493,0.00958477385667643
"ENSG00000197956","S100A6",5,24.0463243270648,0.000240778811570516,0.0096135916094646
"ENSG00000184557","SOCS3",1,6.59471169945747,0.000242910668436811,0.00968301669407903
"ENSG00000182944","EWSR1",12,58.3077280134222,0.000243594322498076,0.00969458180087254
"ENSG00000146670","CDCA5",4,13.8927219231646,0.000244619889918528,0.00971696448471329
"ENSG00000163975","MELTF",5,15.9052915542142,0.000244945603613028,0.00971696448471329
"ENSG00000140525","FANCI",15,44.990205782336,0.000245902843400398,0.00973925489898521
"ENSG00000277496","",1,3.8649235038845,0.000248603739172724,0.00983042233470312
"ENSG00000229753","RPS27AP15",1,2.18063435003966,0.000251470058746987,0.00990521437397026
"ENSG00000138180","CEP55",2,8.00621223495348,0.000252103487415439,0.00990521437397026
"ENSG00000152137","HSPB8",1,3.99238955350733,0.000251755340247861,0.00990521437397026
"ENSG00000112983","BRD8",15,50.6527883693915,0.000251504516573263,0.00990521437397026
"ENSG00000128510","CPA4",2,3.00597361013684,0.000253092536106825,0.00992823985189751
"ENSG00000274210","RNVU1-27",1,4.61342877283198,0.000254392942636921,0.00996338655303745
"ENSG00000113648","MACROH2A1",18,78.6263688451773,0.000257677658157173,0.0100600461310649
"ENSG00000117984","CTSD",10,39.7633393885462,0.000257641898785811,0.0100600461310649
"ENSG00000167034","NKX3-1",1,3.3970190077183,0.000260751645487181,0.010163950611672
"ENSG00000189079","ARID2",6,27.5404235515747,0.000262930250920005,0.0102326804603702
"ENSG00000064932","SBNO2",10,30.1494698617579,0.000266487745437468,0.0103547722537098
"ENSG00000086548","CEACAM6",1,1.44371517453022,0.000269957445533201,0.0104719189077727
"ENSG00000058085","LAMC2",2,12.461322727886,0.000270610196008902,0.0104719189077727
"ENSG00000172687","ZNF738",5,17.398167553748,0.00027077785038568,0.0104719189077727
"ENSG00000203985","LDLRAD1",3,5.50886920114551,0.000273213716476962,0.010535470695426
"ENSG00000163006","CCDC138",6,19.8637023707153,0.000273276467399116,0.010535470695426
"ENSG00000104356","POP1",3,10.8499642499607,0.000277936855701682,0.0106983975628296
"ENSG00000055147","FAM114A2",7,21.5762013750351,0.000281697875633612,0.0108262514293823
"ENSG00000196866","H2AC7",1,6.65393734346464,0.000282274794637007,0.0108315258035555
"ENSG00000101003","GINS1",3,11.8418791015591,0.00028299682536041,0.0108423433790882
"ENSG00000080986","NDC80",4,11.6396439081211,0.000284133499149459,0.0108689887446381
"ENSG00000270022","",1,4.53627556991704,0.000289945941994084,0.011074136869805
"ENSG00000129534","MIS18BP1",10,31.7545109851182,0.000294071031824399,0.0112143032027772
"ENSG00000012048","BRCA1",10,27.9624091240056,0.000294793970830644,0.0112244968646259
"ENSG00000104237","RP1",4,10.177519781062,0.000298583969291157,0.0113512593880982
"ENSG00000100263","RHBDD3",5,19.8432305596997,0.000300324249458674,0.0113998272502534
"ENSG00000268119","",4,15.2709984200387,0.00030329641982108,0.0114949343112189
"ENSG00000123933","MXD4",5,20.8155154162027,0.000306555812474149,0.0116006181878658
"ENSG00000170734","POLH",3,13.4672984315737,0.000308607742853564,0.0116603554374195
"ENSG00000150907","FOXO1",2,9.2358161704755,0.000309668013992812,0.0116824985064516
"ENSG00000125731","SH2D3A",6,25.8655705597576,0.000312011259990193,0.0117529012077345
"ENSG00000111602","TIMELESS",5,21.5240694275923,0.000313061713447512,0.0117744661233274
"ENSG00000137337","MDC1",7,22.9208631209952,0.00031446855576954,0.0118093488893028
"ENSG00000235673","",1,3.43366682571016,0.000316584351676283,0.0118346820994616
"ENSG00000112394","SLC16A10",3,6.78698371362876,0.000315641300935785,0.0118346820994616
"ENSG00000185201","IFITM2",5,17.0617372466747,0.000316186747235804,0.0118346820994616
"ENSG00000095383","TBC1D2",4,13.5083180345063,0.00031748030416465,0.0118501928683275
"ENSG00000276368","H2AC14",1,4.81754711358513,0.000319239166703488,0.0118978167499855
"ENSG00000230204","FTH1P5",1,3.91315942648367,0.000321948170881346,0.0119806543650483
"ENSG00000090889","KIF4A",2,7.86067539894018,0.00032655303336405,0.0121336862397034
"ENSG00000164463","CREBRF",6,24.7421560968471,0.000327187558964822,0.0121389540890036
"ENSG00000266079","SNORA59B",1,4.10179071181662,0.00032967144481499,0.0122127158541613
"ENSG00000136108","CKAP2",6,24.0809729349209,0.000330962817629257,0.0122421456641092
"ENSG00000187498","COL4A1",6,19.8842254123668,0.000337007528066887,0.0124370629713688
"ENSG00000069399","BCL3",6,17.5852893214148,0.000337943069370407,0.0124370629713688
"ENSG00000163995","ABLIM2",7,14.0239155343202,0.000338513483045499,0.0124370629713688
"ENSG00000129351","ILF3",17,78.8495224512858,0.000339052187617268,0.0124370629713688
"ENSG00000134072","CAMK1",2,6.89818900005871,0.000339261470134354,0.0124370629713688
"ENSG00000167470","MIDN",6,29.658914104377,0.000337533785246093,0.0124370629713688
"ENSG00000177989","ODF3B",4,9.00017810012218,0.000341648692294875,0.0125059666191445
"ENSG00000078246","TULP3",5,15.1768073414858,0.000342983643182824,0.0125176326663835
"ENSG00000196781","TLE1",7,25.5105543740221,0.000342704167620253,0.0125176326663835
"ENSG00000196735","HLA-DQA1",2,5.94593910143499,0.000345658559023421,0.0125965955644112
"ENSG00000279145","",1,3.05774037055808,0.000347030727983869,0.0126279202125297
"ENSG00000137807","KIF23",13,43.2582316285402,0.00035044529877699,0.0127333627365356
"ENSG00000070669","ASNS",12,37.0467595175785,0.000352461424133775,0.0127471453528831
"ENSG00000227959","",1,3.99153209756954,0.00035180379377728,0.0127471453528831
"ENSG00000227036","LINC00511",22,49.8741846838161,0.000352894383221688,0.0127471453528831
"ENSG00000186174","BCL9L",5,26.4300126276278,0.000351977393951511,0.0127471453528831
"ENSG00000170315","UBB",2,7.83960361850851,0.000353749105154958,0.0127593106961821
"ENSG00000229676","ZNF492",1,4.71003651124802,0.000354894791334154,0.0127819198604048
"ENSG00000113657","DPYSL3",4,13.4639022557797,0.000355970566996969,0.0128019487853581
"ENSG00000136492","BRIP1",16,44.4950831565958,0.000361558033897109,0.0129839390161156
"ENSG00000214617","SLC6A10P",2,8.38838862203099,0.000364931485905144,0.0130490346385559
"ENSG00000077063","CTTNBP2",7,20.9932989218128,0.000364959807832963,0.0130490346385559
"ENSG00000204396","VWA7",3,9.68073597706935,0.000364794545781319,0.0130490346385559
"ENSG00000259706","HSP90B2P",1,3.50223300048132,0.000366649736544642,0.013071514124135
"ENSG00000166592","RRAD",2,4.53760731626029,0.000366640564978843,0.013071514124135
"ENSG00000158813","EDA",4,7.33284943427293,0.000369059174297307,0.0131383999404829
"ENSG00000143476","DTL",4,14.3005785907746,0.000372095620115663,0.0132273818204175
"ENSG00000136167","LCP1",2,7.25675758260414,0.000374692127508534,0.0133004907221509
"ENSG00000124635","H2BC11",3,11.443470277702,0.00037802628174917,0.0133802836938086
"ENSG00000130147","SH3BP4",9,28.8848810143959,0.00037770700245664,0.0133802836938086
"ENSG00000184731","FAM110C",2,8.05273867252384,0.000379459936879145,0.0133939336599828
"ENSG00000287315","",1,5.14021510476345,0.000379499317826993,0.0133939336599828
"ENSG00000107960","STN1",3,12.7821381683615,0.00038198148869735,0.0134622517511577
"ENSG00000080839","RBL1",4,15.9095221799803,0.000384245008953244,0.0134980032660572
"ENSG00000079385","CEACAM1",5,12.0585367673603,0.000385187590665242,0.0134980032660572
"ENSG00000162545","CAMK2N1",2,6.02477337948653,0.000384647929153748,0.0134980032660572
"ENSG00000142973","CYP4B1",4,9.60445955177302,0.000384031867048727,0.0134980032660572
"ENSG00000236608","EIF4A1P6",1,2.06823228981651,0.000389572730397378,0.0136322787121298
"ENSG00000123975","CKS2",1,6.10763407127334,0.000391301313615563,0.0136733444835736
"ENSG00000128408","RIBC2",3,9.82286971835789,0.000398526309482415,0.0139060844675627
"ENSG00000241838","",1,4.49742711506788,0.000401430634208936,0.0139528929171214
"ENSG00000162772","ATF3",7,31.2371674960415,0.000401566920163956,0.0139528929171214
"ENSG00000163565","IFI16",8,16.885277822685,0.00040104655519863,0.0139528929171214
"ENSG00000131711","MAP1B",5,14.3395734686128,0.000410052490005372,0.0142276663257498
"ENSG00000087510","TFAP2C",2,7.36691553747419,0.000411986917427531,0.0142746803246515
"ENSG00000091137","SLC26A4",1,1.85812051159945,0.000420837126541648,0.014560846365665
"ENSG00000251285","",1,2.22398359212535,0.000422916800071466,0.0146122796209826
"ENSG00000020577","SAMD4A",8,25.0439927342828,0.000427566285951646,0.0147440112928026
"ENSG00000072864","NDE1",11,36.4909007747239,0.000427926449131475,0.0147440112928026
"ENSG00000185745","IFIT1",2,9.99620287769651,0.000431972974724618,0.0148419166420376
"ENSG00000204264","PSMB8",6,18.5370011817174,0.000431492050985895,0.0148419166420376
"ENSG00000119917","IFIT3",7,19.9133596863781,0.00043696672932278,0.0149925840903436
"ENSG00000224621","",1,3.35209192748896,0.000440884217102478,0.0150968685250886
"ENSG00000112312","GMNN",4,12.4475403277608,0.000441231797769993,0.0150968685250886
"ENSG00000104833","TUBB4A",6,13.8878879663327,0.000443133187943881,0.0151408960956969
"ENSG00000182628","SKA2",9,29.3080906175189,0.000447522932208984,0.0152656349268029
"ENSG00000270276","H4C15",3,15.5076902960911,0.000448023302296671,0.0152656349268029
"ENSG00000034677","RNF19A",12,44.9431976685518,0.000454285479574892,0.0154576281620545
"ENSG00000100350","FOXRED2",5,26.1678246407569,0.00045740697177528,0.0155209652199505
"ENSG00000144354","CDCA7",5,14.6453595850704,0.000457367553099426,0.0155209652199505
"ENSG00000151715","TMEM45B",3,8.88755693055644,0.00045952084686683,0.0155712463033898
"ENSG00000124702","KLHDC3",2,12.4530819918028,0.000462113151453401,0.015616128238758
"ENSG00000222724","RNU2-63P",1,3.66452820576053,0.000461697814887984,0.015616128238758
"ENSG00000241282","RPL34P33",1,1.88899185384297,0.000463183559635399,0.0156308588926275
"ENSG00000109787","KLF3",3,14.4563631839862,0.000465842128003528,0.0156990708937988
"ENSG00000170214","ADRA1B",1,4.63960209545152,0.000467389035438881,0.0157082249495728
"ENSG00000076003","MCM6",1,6.90015621260265,0.000467013738610979,0.0157082249495728
"ENSG00000132819","RBM38",5,22.0630537612261,0.000469417451858228,0.0157549031696559
"ENSG00000243896","OR2A7",2,7.57208815040416,0.000478998080630997,0.0160545819269995
"ENSG00000188707","ZBED6CL",2,9.88998558913559,0.000481850791708741,0.0161282530621533
"ENSG00000154760","SLFN13",8,25.9146085366364,0.000486418765167313,0.0162571597324323
"ENSG00000204022","LIPJ",1,1.51794655708887,0.000487021874671607,0.0162571597324323
"ENSG00000239306","RBM14",6,29.9763029506011,0.000489734372868076,0.0163255835935116
"ENSG00000147526","TACC1",11,30.9905926807715,0.000491976658877273,0.0163781689073535
"ENSG00000142867","BCL10",4,17.3279154112401,0.000498074595759582,0.0165587957713054
"ENSG00000143850","PLEKHA6",5,16.9165177077336,0.000500168656324448,0.0166060038390199
"ENSG00000276216","",1,5.51754053434352,0.000501458240771944,0.0166264115227683
"ENSG00000158470","B4GALT5",1,8.262533816781,0.000502310259213817,0.016632275854479
"ENSG00000235314","LINC00957",2,7.4122646141249,0.000507623098042082,0.0167856308996868
"ENSG00000172216","CEBPB",1,7.86277122567826,0.000518353671566689,0.0171120483691386
"ENSG00000173852","DPY19L1",2,8.09018394439433,0.00051888370739787,0.0171120483691386
"ENSG00000163513","TGFBR2",6,28.481149453996,0.000526292525264619,0.0173250865389023
"ENSG00000164061","BSN",1,5.18001462507799,0.000526750144819883,0.0173250865389023
"ENSG00000261888","",1,4.45840999534998,0.00052761180275979,0.0173302890146499
"ENSG00000168078","PBK",2,8.06035880273965,0.000532823873551648,0.0174317611221047
"ENSG00000166900","STX3",8,31.1466838847439,0.000532178487127612,0.0174317611221047
"ENSG00000051341","POLQ",4,13.1932887341176,0.000532448661193876,0.0174317611221047
"ENSG00000031698","SARS1",6,27.0085354321652,0.000538415660618585,0.0175913392564176
"ENSG00000116285","ERRFI1",4,15.5395504425232,0.000552652736488569,0.0180325829978754
"ENSG00000013810","TACC3",13,51.3698982572742,0.000557152557498035,0.0181553614470425
"ENSG00000060656","PTPRU",10,36.8950901027148,0.000558622204282906,0.0181792047589292
"ENSG00000151849","CENPJ",5,17.6515557416731,0.000565058091390186,0.0182919922225982
"ENSG00000203797","DDO",2,5.3062475317226,0.000562940866401153,0.0182919922225982
"ENSG00000138160","KIF11",2,10.349149072339,0.00056442907181531,0.0182919922225982
"ENSG00000212724","KRTAP2-3",1,1.74655542397538,0.000565008616587767,0.0182919922225982
"ENSG00000136603","SKIL",7,34.1088823833227,0.000569390766220834,0.0183598711071338
"ENSG00000112561","TFEB",9,20.1564736346362,0.000568132571580473,0.0183598711071338
"ENSG00000267519","MIR23AHG",1,8.06636242711261,0.000568802943805258,0.0183598711071338
"ENSG00000260231","KDM7A-DT",1,5.62535683234556,0.000572707636587733,0.0184426831729919
"ENSG00000197275","RAD54B",5,16.3650206412649,0.000574956885487403,0.0184909436997156
"ENSG00000263001","GTF2I",21,92.8618863675395,0.000581939366127671,0.0186911033696938
"ENSG00000166473","PKD1L2",5,14.8226291823644,0.000585295041989176,0.0187744054158898
"ENSG00000170579","DLGAP1",2,4.43696412278806,0.00058653616349202,0.0187897508291624
"ENSG00000196693","ZNF33B",4,15.3118555469129,0.000591863528020407,0.0189357896269905
"ENSG00000135318","NT5E",3,11.1768511301934,0.000598760585137118,0.0191316044291218
"ENSG00000233757","",2,6.15965654082099,0.000606297127344004,0.0193473183058543
"ENSG00000146242","TPBG",3,12.5343514747832,0.000607982968379433,0.0193760160750677
"ENSG00000236824","BCYRN1",1,5.81662545198041,0.000612320983391162,0.0194890535217588
"ENSG00000134684","YARS1",14,53.283807885313,0.000621240816567994,0.0197474419563258
"ENSG00000196747","H2AC13",1,7.28151461278722,0.000624239318785652,0.0197916803324125
"ENSG00000162997","PRORSD1P",1,4.01155387164885,0.000623994138462007,0.0197916803324125
"ENSG00000286850","",1,3.33950066167278,0.000627896250845429,0.0198820361691223
"ENSG00000073111","MCM2",8,29.6407524992912,0.000637007809011111,0.0201446564505632
"ENSG00000142327","RNPEPL1",5,21.474287207173,0.000648549913000061,0.0204833680855852
"ENSG00000196632","WNK3",4,12.977840948078,0.000651137376171928,0.0205124926623983
"ENSG00000229638","RPL4P4",1,3.6043219875491,0.000650883145873578,0.0205124926623983
"ENSG00000240210","",1,3.08191085719415,0.000655287201988509,0.0206168585197789
"ENSG00000138668","HNRNPD",8,38.2215112163539,0.000659574183097562,0.0206880704828637
"ENSG00000260280","SLX1B-SULT1A4",2,7.30220671167768,0.000660069957358673,0.0206880704828637
"ENSG00000146859","TMEM140",2,6.06545757133222,0.000658479536546277,0.0206880704828637
"ENSG00000185561","TLCD2",1,5.63758267901737,0.000666197436378203,0.0208535881133126
"ENSG00000123240","OPTN",12,53.1085240736048,0.000669274295512176,0.0209233150633787
"ENSG00000257815","PRANCR",4,9.6550420133741,0.000681005557487524,0.0212630822670534
"ENSG00000107738","VSIR",3,11.8523891652734,0.000685298131739299,0.0213700246524021
"ENSG00000140950","MEAK7",7,21.296316787602,0.000690400519999123,0.0215019175855605
"ENSG00000029153","ARNTL2",5,14.9074121224414,0.000702680747166211,0.0218567426848985
"ENSG00000238164","TNFRSF14-AS1",2,5.17656029618091,0.000706153553899057,0.0219370653219461
"ENSG00000205060","SLC35B4",4,13.249818952643,0.000708915122862616,0.0219951184530486
"ENSG00000178573","MAF",3,8.38281048072356,0.000715664810014103,0.0221487469782631
"ENSG00000234371","RPSAP31",1,2.9626213192464,0.000714945483968439,0.0221487469782631
"ENSG00000166106","ADAMTS15",1,7.19441721148278,0.000716862689561265,0.0221579828824865
"ENSG00000108830","RND2",1,4.27281551187793,0.000720353019537416,0.0222379657096544
"ENSG00000217159","LARP1P1",1,2.60119820223385,0.000721785470037696,0.0222542991919633
"ENSG00000025039","RRAGD",2,10.5042318187775,0.000725590067814865,0.022343639150774
"ENSG00000258056","",1,4.83836783931372,0.000738292454161361,0.022706410247522
"ENSG00000163806","SPDYA",1,4.27958606038637,0.00074110439594327,0.0227644723117986
"ENSG00000176894","PXMP2",3,9.17607599523463,0.000742090556074229,0.0227663771468102
"ENSG00000049239","H6PD",2,13.3863196222421,0.000749445001555993,0.0229634049917063
"ENSG00000212195","U3",1,5.29697728880214,0.000751003527379735,0.0229825737850929
"ENSG00000105825","TFPI2",5,15.9822980295578,0.000752704311323176,0.0230060430638293
"ENSG00000156970","BUB1B",7,17.077334583644,0.000759025457310374,0.0231704983157882
"ENSG00000141971","MVB12A",8,21.2672772155347,0.000765110782426601,0.0233273565904447
"ENSG00000143933","CALM2",11,53.2901695105483,0.000766435194448081,0.0233388516875507
"ENSG00000235750","KIAA0040",5,17.5574675772795,0.000767839275483479,0.0233527414216488
"ENSG00000180190","TDRP",2,8.41112327744667,0.000769691128387931,0.0233801984560255
"ENSG00000174007","CEP19",1,4.13103331070432,0.000776373168116897,0.0235541293061081
"ENSG00000237788","",1,3.64294857235971,0.000777795928832616,0.0235682690120437
"ENSG00000184489","PTP4A3",7,30.557109023576,0.000780970141222535,0.0236353801339277
"ENSG00000135842","NIBAN1",3,8.84845049555283,0.000782537086779052,0.0236537437212294
"ENSG00000225151","GOLGA2P7",7,29.1593665243135,0.000788336044651256,0.0237998265440977
"ENSG00000165424","ZCCHC24",2,7.39764336322914,0.000790092660300597,0.0238236630189782
"ENSG00000148120","AOPEP",18,66.7574880136761,0.000798208966279087,0.0240389705186862
"ENSG00000100442","FKBP3",3,12.819356049116,0.000801557329278577,0.0241103355394112
"ENSG00000127561","SYNGR3",2,6.00997207743159,0.000802835235476661,0.0241193244219116
"ENSG00000244073","RPS4XP6",1,3.10878633204558,0.000803816888462403,0.0241194020064206
"ENSG00000156804","FBXO32",6,18.6518463169147,0.000805930908607743,0.0241534159775569
"ENSG00000100162","CENPM",4,13.1766869284509,0.000807353642154424,0.0241666548900052
"ENSG00000253553","",2,3.52456884749859,0.000808753608003433,0.0241791809868502
"ENSG00000176890","TYMS",4,14.730669735844,0.000811926404468715,0.0242152626804925
"ENSG00000277142","LINC00235",1,4.57184509231113,0.000811832331397145,0.0242152626804925
"ENSG00000130775","THEMIS2",7,25.6182784906926,0.000815270320499085,0.0242855917116021
"ENSG00000171621","SPSB1",4,15.3891745674079,0.00081693153537874,0.0243056864420957
"ENSG00000130175","PRKCSH",15,56.1443316223233,0.000821898934659092,0.0244239810076318
"ENSG00000029993","HMGB3",4,17.8080526266208,0.000826480827322204,0.0245305484109428
"ENSG00000100297","MCM5",9,35.5935719117502,0.000837164984239011,0.0248177609948592
"ENSG00000169607","CKAP2L",2,7.99607259921549,0.000838411501545197,0.0248248405535648
"ENSG00000175544","CABP4",2,6.47522401304149,0.000840220754293279,0.0248485453565605
"ENSG00000182481","KPNA2",10,42.1602573332472,0.000857529684893123,0.0253300285219929
"ENSG00000100154","TTC28",8,25.5685084432767,0.000871458160803839,0.0257106248998833
"ENSG00000237984","PTENP1",1,3.05970622700596,0.000872983005820487,0.0257248042444829
"ENSG00000173334","TRIB1",4,19.3787103835784,0.000876286508893356,0.0257913000556605
"ENSG00000100836","PABPN1",7,30.2413519212041,0.000887781240317015,0.0260984377747132
"ENSG00000204390","HSPA1L",1,4.15035893144981,0.000897853910516891,0.0263003936808366
"ENSG00000124575","H1-3",1,6.6705163754734,0.000897339255180662,0.0263003936808366
"ENSG00000206573","THUMPD3-AS1",13,39.6111216200255,0.000896849626884284,0.0263003936808366
"ENSG00000237433","RPSAP11",1,1.75044820742582,0.000903665885031158,0.0264392031802168
"ENSG00000196776","CD47",6,42.1409224887649,0.000906504049232835,0.0264907796593723
"ENSG00000181830","SLC35C1",2,10.1296582463589,0.000909491934733573,0.0265212457659863
"ENSG00000089597","GANAB",9,41.1230603198582,0.000910776290563199,0.0265212457659863
"ENSG00000172493","AFF1",10,45.6392174499994,0.000910177564454756,0.0265212457659863
"ENSG00000147684","NDUFB9",9,35.3653786289795,0.000912107404485769,0.0265286492438098
"ENSG00000105655","ISYNA1",11,50.4678876459689,0.000913681667138223,0.0265430989032431
"ENSG00000169871","TRIM56",4,17.2418085297322,0.00091599174003959,0.0265788651541523
"ENSG00000100526","CDKN3",6,15.2714187768929,0.000917138335468491,0.0265808269344309
"ENSG00000261069","",1,5.5115569500741,0.000921846997494989,0.0266516478795225
"ENSG00000128602","SMO",3,10.629281620052,0.000922827507255232,0.0266516478795225
"ENSG00000149554","CHEK1",11,34.3862425145752,0.000921276416025954,0.0266516478795225
"ENSG00000232810","TNF",1,3.33934840818077,0.00093046776593936,0.0268408353792929
"ENSG00000099797","TECR",12,32.8742560420784,0.000932167290364072,0.0268584107580338
"ENSG00000117122","MFAP2",5,20.1677669334563,0.000936050724077844,0.0269387962472636
"ENSG00000145362","ANK2",23,49.9144844361581,0.000941687391902004,0.0270693919480815
"ENSG00000175886","RPL7AP66",1,2.9627676204646,0.000944251731334505,0.0271114701648316
"ENSG00000139946","PELI2",2,11.2741993545977,0.00094607445407089,0.027132181811451
"ENSG00000177337","DLGAP1-AS1",2,6.81383662476723,0.00095262982185803,0.0272884135598518
"ENSG00000156026","MCU",11,35.3973273549896,0.000958842562297931,0.0274026525779693
"ENSG00000116661","FBXO2",3,11.3960271973053,0.000957869584223874,0.0274026525779693
"ENSG00000185607","ACTBP7",1,2.37432575545893,0.000963300342464734,0.0274981505638687
"ENSG00000143303","RRNAD1",9,29.6165912697704,0.000968269888231429,0.0276080193247468
"ENSG00000087586","AURKA",10,35.84925418376,0.000975521324849029,0.0277826217776368
"ENSG00000228224","NACA4P",1,3.2342798421417,0.000982818242497739,0.0279581147851406
"ENSG00000206585","RNVU1-7",1,6.23296979939424,0.000993149806517429,0.0282194296234797
"ENSG00000163507","CIP2A",6,24.07659405707,0.00100282481929906,0.0284287565286907
"ENSG00000197063","MAFG",2,10.162033749476,0.00100266337659804,0.0284287565286907
"ENSG00000185361","TNFAIP8L1",2,8.73170965293476,0.00100762654932326,0.0285320460259523
"ENSG00000138061","CYP1B1",2,5.66253057508053,0.00101118580546804,0.0285999567367454
"ENSG00000177427","MIEF2",5,19.321659614919,0.00101381647231709,0.0286303217243672
"ENSG00000145103","ILDR1",2,7.99711778806039,0.00101458375747402,0.0286303217243672
"ENSG00000002586","CD99",3,8.51319550467846,0.00101817864013903,0.0286988910753147
"ENSG00000154734","ADAMTS1",9,32.5550108251245,0.00102868224185033,0.0289618137462662
"ENSG00000100028","SNRPD3",3,17.2016543060866,0.00104078635817543,0.0292691460429815
"ENSG00000269891","ARHGAP19-SLIT1",1,1.22618757294064,0.00104255239895029,0.0292853801005021
"ENSG00000150556","LYPD6B",10,32.1743564305638,0.00105350466967145,0.0295593252133896
"ENSG00000249087","ZNF436-AS1",1,3.53736026408984,0.00105562958931428,0.029585250207915
"ENSG00000175216","CKAP5",8,35.6217111025843,0.00105864074918493,0.0295872316310289
"ENSG00000109846","CRYAB",9,30.6853132136305,0.00106141727758022,0.0295872316310289
"ENSG00000160867","FGFR4",4,10.8007166865867,0.00106170540945117,0.0295872316310289
"ENSG00000130517","PGPEP1",6,22.4385088353897,0.0010597773956861,0.0295872316310289
"ENSG00000166736","HTR3A",1,1.38721163631987,0.00106047276152634,0.0295872316310289
"ENSG00000162613","FUBP1",8,37.0679382477862,0.00107302883382367,0.02986900036299
"ENSG00000116574","RHOU",1,6.92995124686894,0.00108636652497945,0.03020613921317
"ENSG00000137135","ARHGEF39",5,18.4789807532795,0.0010881844066911,0.030222573685271
"ENSG00000166619","BLCAP",10,41.7879013329442,0.00110070204922815,0.0305031425305009
"ENSG00000283269","",2,3.06763912021797,0.00110200108999983,0.0305031425305009
"ENSG00000197744","PTMAP2",1,2.97099416829733,0.00110140931104663,0.0305031425305009
"ENSG00000245848","CEBPA",1,5.37614840610282,0.00110643423742986,0.0305747461746634
"ENSG00000171517","LPAR3",3,8.55427937916042,0.00110707016796427,0.0305747461746634
"ENSG00000237330","RNF223",1,3.35108028604988,0.00112789705317628,0.0311150547648349
"ENSG00000100290","BIK",1,5.20601715842364,0.00114446742521222,0.0313963864366403
"ENSG00000111445","RFC5",7,25.1638550618737,0.00114224433483653,0.0313963864366403
"ENSG00000182578","CSF1R",3,6.82631407603532,0.0011442195443985,0.0313963864366403
"ENSG00000170190","SLC16A5",8,27.7107003409305,0.00114365750563215,0.0313963864366403
"ENSG00000243423","",1,3.54253720000224,0.00114216357322135,0.0313963864366403
"ENSG00000077942","FBLN1",7,23.4717681855555,0.00115259867025198,0.0315256765065889
"ENSG00000178695","KCTD12",1,7.30772595462711,0.00115301946549367,0.0315256765065889
"ENSG00000157483","MYO1E",9,32.461777478591,0.00115154676662931,0.0315256765065889
"ENSG00000135002","RFK",5,16.1767921617094,0.00115579716317572,0.0315316313564052
"ENSG00000102034","ELF4",2,11.4531414354057,0.00115554682622579,0.0315316313564052
"ENSG00000280079","",1,3.73872789340605,0.00116261063361251,0.0316824258396507
"ENSG00000198429","ZNF69",2,6.6296033543254,0.00116420791619673,0.0316908972547032
"ENSG00000163840","DTX3L",2,11.2313525387911,0.00116561469707731,0.031694170046909
"ENSG00000235090","RPL7L1P3",1,3.54106798091429,0.00116953680113081,0.0317657542401957
"ENSG00000250746","",1,2.38644871892646,0.00117640078615161,0.0319169971000494
"ENSG00000228716","DHFR",5,16.118329830605,0.00119835360730096,0.0324768329107363
"ENSG00000218582","GAPDHP63",1,4.33737106094768,0.0012005988968028,0.0324955909923228
"ENSG00000184357","H1-5",1,6.26819431944482,0.00120168392100694,0.0324955909923228
"ENSG00000254726","MEX3A",2,10.2917478947561,0.00120747166695385,0.0325805744966136
"ENSG00000123609","NMI",4,14.7832666960801,0.0012064564730926,0.0325805744966136
"ENSG00000205220","PSMB10",4,14.4168113768337,0.00121464869811643,0.0327383705449652
"ENSG00000245556","SCAMP1-AS1",2,7.96976752110202,0.0012252361505557,0.0329876421518468
"ENSG00000139163","ETNK1",11,43.8537807122172,0.00122809240797467,0.0330284459284453
"ENSG00000130766","SESN2",1,5.91980709572772,0.00123833365293392,0.0332675567503023
"ENSG00000132182","NUP210",4,17.9066666177239,0.00124850090836302,0.0334698697141204
"ENSG00000116729","WLS",9,33.2692789753312,0.00124980156916033,0.0334698697141204
"ENSG00000150782","IL18",3,9.47936048766143,0.00124994033436131,0.0334698697141204
"ENSG00000137812","KNL1",5,18.0297484997302,0.00125511673614077,0.0335425776839413
"ENSG00000084636","COL16A1",7,18.2817215350435,0.00125537879539655,0.0335425776839413
"ENSG00000142959","BEST4",1,3.74149519942465,0.00126246521748498,0.0336953744666766
"ENSG00000196205","EEF1A1P5",1,6.2370283529985,0.00126432407026063,0.0337084669598167
"ENSG00000120675","DNAJC15",2,8.75016046768205,0.00127223169288409,0.0337846527443937
"ENSG00000228613","",1,5.11208361708288,0.00127403866042386,0.0337846527443937
"ENSG00000242208","RPL5P29",1,2.05123274424906,0.00127321817992396,0.0337846527443937
"ENSG00000164054","SHISA5",11,29.2962433860139,0.00127020813281745,0.0337846527443937
"ENSG00000130695","CEP85",6,21.6347017046324,0.0012730706168475,0.0337846527443937
"ENSG00000273213","H3-2",2,7.82007245040171,0.00127970237591329,0.0338983527211009
"ENSG00000141934","PLPP2",5,17.1973872050651,0.00128331641446998,0.0339485018290634
"ENSG00000144824","PHLDB2",9,20.7831992939836,0.00128435168275572,0.0339485018290634
"ENSG00000177406","NINJ2-AS1",3,11.255587274605,0.00128769404625641,0.0340003674485816
"ENSG00000240602","AADACP1",1,2.3065066105382,0.0013084266049273,0.0345108023687194
"ENSG00000260025","CRIM1-DT",1,3.91815386654665,0.00131259402780833,0.0345836939840194
"ENSG00000257084","MIR200CHG",1,3.98544096177678,0.00131404396325383,0.0345849070884169
"ENSG00000146247","PHIP",2,14.4263012041531,0.00132915830620972,0.0349453733975201
"ENSG00000142549","IGLON5",1,3.75111268995673,0.00133407005315162,0.0350371170142752
"ENSG00000285077","ARHGAP11B",4,9.92426746811159,0.00133657163158201,0.0350600848440547
"ENSG00000240065","PSMB9",4,10.8723833488286,0.00133779093782876,0.0350600848440547
"ENSG00000217239","",1,2.16767314128305,0.00135045660471941,0.0353544085624471
"ENSG00000244485","RPL18P13",1,3.18261003124817,0.00135457058441996,0.0354244653367153
"ENSG00000284644","",1,3.32706594368627,0.00136048114524758,0.0355413075431328
"ENSG00000213486","",1,3.31999780605516,0.0013906219873812,0.036263510846432
"ENSG00000164087","POC1A",3,13.8275062510099,0.00139107033691407,0.036263510846432
"ENSG00000105926","MPP6",7,27.0224461563635,0.00139659968138425,0.0363691682356247
"ENSG00000185697","MYBL1",3,10.7170554007236,0.00140087761568917,0.0364420486404463
"ENSG00000279491","",1,3.8580764432309,0.00140591972857465,0.0364961354198488
"ENSG00000116604","MEF2D",6,29.9592109870744,0.00140550828078802,0.0364961354198488
"ENSG00000140807","NKD1",1,3.90831536489442,0.00140806125955581,0.0365132517149025
"ENSG00000280152","",1,4.66642148310869,0.00141287749691713,0.0365996184401193
"ENSG00000213488","",1,2.33199952426616,0.00142221058031184,0.0367640688835071
"ENSG00000120254","MTHFD1L",10,35.990941861995,0.00142163564242732,0.0367640688835071
"ENSG00000215895","HSPA5P1",1,3.14187828151234,0.00143190959148508,0.0369759882455292
"ENSG00000104219","ZDHHC2",2,8.50634467253784,0.00143882764026469,0.0371157266156237
"ENSG00000081923","ATP8B1",6,19.0105344806937,0.00144051756526756,0.0371204500213036
"ENSG00000231965","",1,2.65390338410313,0.00144337864296524,0.0371347136606405
"ENSG00000204267","TAP2",4,17.9296389142307,0.00144408588134336,0.0371347136606405
"ENSG00000177076","ACER2",1,4.67528488727648,0.00145375722926906,0.0373055305656701
"ENSG00000261490","",1,3.84533878138077,0.00145255190083914,0.0373055305656701
"ENSG00000134871","COL4A2",10,30.8690576070219,0.0014616223175776,0.0374582310969888
"ENSG00000258412","",1,2.01853603765745,0.00146274886605655,0.0374582310969888
"ENSG00000174010","KLHL15",1,6.02098711727151,0.00148003076933222,0.0378391883365639
"ENSG00000188211","NCR3LG1",1,4.34000842372169,0.00148069728258363,0.0378391883365639
"ENSG00000178951","ZBTB7A",2,12.2617736329531,0.00148910812743514,0.0379324871360197
"ENSG00000198889","DCAF12L1",1,3.20518631597924,0.00149005116452348,0.0379324871360197
"ENSG00000198113","TOR4A",1,5.98473937425826,0.00149050730861242,0.0379324871360197
"ENSG00000287190","",1,4.68214241509017,0.00148683530220806,0.0379324871360197
"ENSG00000258947","TUBB3",6,19.0743366143145,0.00149221747630659,0.0379368189151835
"ENSG00000134690","CDCA8",2,11.071166277122,0.00150593022634853,0.0382459702330888
"ENSG00000257829","",1,2.87015013879457,0.00151216241803811,0.038364697392759
"ENSG00000254614","",2,6.60740875162017,0.00151556363600224,0.0383719529012489
"ENSG00000138413","IDH1",7,24.9829300135024,0.00151477290431596,0.0383719529012489
"ENSG00000196639","HRH1",4,12.329199211258,0.0015236176402166,0.03853626341554
"ENSG00000114698","PLSCR4",7,18.8252436773639,0.00152725031349553,0.0385885245876536
"ENSG00000197081","IGF2R",11,45.6448362175455,0.00152884937554433,0.0385893487362035
"ENSG00000105323","HNRNPUL1",18,79.2157644157871,0.0015310653699399,0.0386057271120465
"ENSG00000276043","UHRF1",6,23.8514437262108,0.00153832760759534,0.0387480893812809
"ENSG00000287658","",1,1.26838593122573,0.00153985709373956,0.0387480893812809
"ENSG00000151233","GXYLT1",2,11.1628050419237,0.00154465462712254,0.0388291497338405
"ENSG00000165119","HNRNPK",9,49.9487162549553,0.00155509292167261,0.0390516963561719
"ENSG00000087842","PIR",3,8.27102300528354,0.00157201765529716,0.0393799803449577
"ENSG00000118508","RAB32",1,5.10502352985099,0.00157265928871999,0.0393799803449577
"ENSG00000172795","DCP2",8,32.9823283206254,0.001572961260785,0.0393799803449577
"ENSG00000006555","TTC22",3,11.3420372443131,0.00157687287529984,0.0394378307441741
"ENSG00000244274","DBNDD2",7,25.9371945989507,0.00157857759808728,0.0394404250800002
"ENSG00000079616","KIF22",8,28.0950266555,0.00158889763596094,0.039658047884395
"ENSG00000139083","ETV6",4,16.2745403851403,0.00159569900738918,0.0397874949868751
"ENSG00000125730","C3",9,27.1371905515473,0.0015983319764924,0.03981284958634
"ENSG00000168461","RAB31",4,10.0536967152084,0.0016006909709664,0.0398313354239973
"ENSG00000086544","ITPKC",2,9.97230387397114,0.00160872030700539,0.0399907414360018
"ENSG00000154217","PITPNC1",6,21.8060637898547,0.0016128517477241,0.0400530270213542
"ENSG00000185885","IFITM1",7,18.8280644217152,0.00161540473354203,0.0400760278054461
"ENSG00000163293","NIPAL1",3,7.22633323486095,0.0016186376055944,0.0401158324082675
"ENSG00000124198","ARFGEF2",12,60.7051206733796,0.00162320665375817,0.0401482890716191
"ENSG00000105486","LIG1",13,38.390701421409,0.00162172700498062,0.0401482890716191
"ENSG00000176208","ATAD5",3,13.7033070491632,0.00162945175600341,0.0402623310021505
"ENSG00000137309","HMGA1",6,31.0403396388548,0.00163495888560563,0.0403579280029005
"ENSG00000204618","RNF39",1,2.3005431776913,0.00163873331925533,0.040410605925781
"ENSG00000257594","GALNT4",1,5.76875401320988,0.00164423520289728,0.0405057342233745
"ENSG00000121691","CAT",4,13.3365065569013,0.00165465722813499,0.0407217590560495
"ENSG00000014216","CAPN1",17,71.4699140256272,0.00165783102964363,0.0407591491170368
"ENSG00000001626","CFTR",2,5.82181250284888,0.00166178771015173,0.0407750400792708
"ENSG00000135750","KCNK1",6,17.6553428830004,0.0016603740689684,0.0407750400792708
"ENSG00000124160","NCOA5",2,11.2115737132008,0.00166426711974439,0.0407952442735355
"ENSG00000160072","ATAD3B",6,30.3326586265633,0.00166877351826473,0.0408359933503221
"ENSG00000176619","LMNB2",4,15.840745986875,0.00166924478602697,0.0408359933503221
"ENSG00000273143","DUSP5-DT",1,3.48655272628746,0.00167680003422097,0.0409801278204698
"ENSG00000138182","KIF20B",4,17.7540485238276,0.0016810018620826,0.0410421019548115
"ENSG00000004487","KDM1A",6,30.0332551562064,0.00168702081830066,0.0411482751077592
"ENSG00000171860","C3AR1",1,2.29754530749124,0.00169966845014509,0.0413623419359382
"ENSG00000164548","TRA2A",10,41.5372992329922,0.00170020784286264,0.0413623419359382
"ENSG00000125089","SH3TC1",4,7.72994556265555,0.00170083427566898,0.0413623419359382
"ENSG00000163110","PDLIM5",13,40.9277851432822,0.00171095084718473,0.0415673314796803
"ENSG00000144460","NYAP2",1,1.36789119310065,0.00171481166826006,0.0416200841848145
"ENSG00000188112","C6orf132",2,12.7857000390572,0.00172018785831678,0.0417094762693248
"ENSG00000213160","KLHL23",6,17.7839713488446,0.00172294667079011,0.0417352912831017
"ENSG00000174227","PIGG",16,54.0785698585135,0.00172751959777196,0.0418049560816426
"ENSG00000152818","UTRN",9,29.435395328137,0.00174195012886848,0.0420304132250643
"ENSG00000259316","",5,13.3298933096868,0.00173995370171456,0.0420304132250643
"ENSG00000243056","EIF4EBP3",1,4.8691762350314,0.00174195461346826,0.0420304132250643
"ENSG00000148677","ANKRD1",1,2.61393806499645,0.00176041485733727,0.0424289260817853
"ENSG00000232352","SEMA3B-AS1",1,2.54433662508,0.00176191562336783,0.0424289260817853
"ENSG00000106069","CHN2",4,9.5654456249364,0.00177197791841858,0.0426295664260174
"ENSG00000261455","LINC01003",1,4.57446747791734,0.00178545034649954,0.0429117749131864
"ENSG00000136824","SMC2",4,19.9497536841235,0.00178970073242633,0.0429720054028486
"ENSG00000178026","LRRC75B",3,7.38385075210681,0.00180452344182208,0.0432857205348462
"ENSG00000154330","PGM5",2,6.74465635584433,0.00180688390716316,0.0433001800126112
"ENSG00000287737","",3,7.502176051031,0.00182285253363619,0.0436404005501726
"ENSG00000106144","CASP2",6,28.484344115989,0.00183004986134271,0.0437701731399783
"ENSG00000139292","LGR5",1,2.91568184278696,0.00183364212655732,0.0438135536253535
"ENSG00000107438","PDLIM1",5,18.9540432258194,0.00183869121445053,0.0438916260348728
"ENSG00000170540","ARL6IP1",5,21.7043132789095,0.00185560783231034,0.0442525643262007
"ENSG00000185565","LSAMP",3,7.09767086543969,0.00186671143624778,0.044474309702093
"ENSG00000270882","H4C14",3,16.5601059579853,0.00187354857781028,0.0445940765356098
"ENSG00000105618","PRPF31",7,27.6734571079862,0.00187583593605328,0.0446054230547032
"ENSG00000124201","ZNFX1",5,25.221389669912,0.0018856683928578,0.0447959892555949
"ENSG00000023445","BIRC3",6,12.014454722512,0.0018892128894045,0.0448369552316761
"ENSG00000100307","CBX7",5,17.6328912648092,0.00189766711013436,0.0449942533764772
"ENSG00000176244","ACBD7",1,5.20790531236933,0.0019082435498535,0.0452015190871548
"ENSG00000197258","EIF4BP6",1,2.5277840335465,0.0019105511685826,0.0452127070490225
"ENSG00000128965","CHAC1",1,3.93685721642155,0.00192166978355494,0.0454321834144684
"ENSG00000167460","TPM4",23,100.89453449923,0.00192538178702295,0.045445373041106
"ENSG00000167216","KATNAL2",7,19.2304801382562,0.00192591716886197,0.045445373041106
"ENSG00000044574","HSPA5",9,53.2382753347486,0.00195409320820003,0.0460661111808687
"ENSG00000155660","PDIA4",4,21.2327992134596,0.0019757297149711,0.0465316458205669
"ENSG00000198547","C20orf203",2,4.06219584494071,0.00198038301954456,0.0465966912000766
"ENSG00000167900","TK1",6,18.8965988206659,0.00198623545662686,0.0466898000706133
"ENSG00000133935","ERG28",1,6.47424600292334,0.00199263496313185,0.0467899507330006
"ENSG00000165821","SALL2",3,10.4031722163311,0.00199429463241935,0.0467899507330006
"ENSG00000204131","NHSL2",3,5.97555056784282,0.00199713704356671,0.0468120562019657
"ENSG00000270504","",1,4.43799168054431,0.00200073247514424,0.0468517533509301
"ENSG00000282989","PDCL3P2",1,3.77006742426127,0.00200916399991319,0.0470045158004382
"ENSG00000109881","CCDC34",3,12.1309302254721,0.00201155617282495,0.0470158314208185
"ENSG00000171766","GATM",4,9.22861063733045,0.00201415974293091,0.0470320618645527
"ENSG00000168502","MTCL1",7,15.8704149560774,0.00201883006844805,0.0470964760759638
"ENSG00000137726","FXYD6",1,3.64202736325732,0.00203984430184789,0.0475416881513932
"ENSG00000177666","PNPLA2",5,25.1629866372058,0.00205518406075027,0.0478087434717496
"ENSG00000076770","MBNL3",3,10.6507212116698,0.00205508868420027,0.0478087434717496
"ENSG00000178202","POGLUT3",5,15.7571260462968,0.00207082298194877,0.0481270982644415
"ENSG00000118257","NRP2",9,29.6904751292446,0.00207940837147015,0.0482810793884704
"ENSG00000125885","MCM8",5,21.7465144048322,0.0020891865950495,0.0483860034892086
"ENSG00000112320","SOBP",2,4.61682840886641,0.00208981967576691,0.0483860034892086
"ENSG00000118523","CCN2",1,7.91015377305322,0.00208701074531966,0.0483860034892086
"ENSG00000175287","PHYHD1",6,11.5333393859158,0.00209424115134497,0.0484428457872145
"ENSG00000246223","LINC01550",4,11.2287121852242,0.00209800286183364,0.0484843344289604
"ENSG00000162430","SELENON",4,20.0045634630529,0.00210066013983381,0.0485002460588621
"ENSG00000073067","CYP2W1",1,2.35840202850729,0.00211084594799121,0.048689784577494
"ENSG00000220323","H2BC19P",2,10.4581494795833,0.00211561400929926,0.0487541170431125
"ENSG00000184160","ADRA2C",2,9.88077501218289,0.00212380367615579,0.0488971061328016
"ENSG00000135956","TMEM127",3,16.7409533549812,0.00212951360634026,0.0489827896285643
"ENSG00000151322","NPAS3",13,39.3438661010371,0.00213261776092076,0.0490084314741444
"ENSG00000067715","SYT1",1,2.82259109651759,0.002141944942228,0.049176899955067
"ENSG00000272449","",1,2.54809116499548,0.00214444406313425,0.0491884352842758
"ENSG00000165434","PGM2L1",2,8.93933305101554,0.00214867706332354,0.0492396832139306
"ENSG00000121089","NACA3P",1,3.09113623985082,0.00216236661587698,0.0495073434778155
"ENSG00000120942","UBIAD1",4,14.6272552829923,0.00218285886949475,0.0499301097957318
"ENSG00000217644","",1,3.83728030186976,0.0021851621547419,0.0499364282764997
