"target_id","ens_gene","ext_gene","pval","qval","test_stat","rss","degrees_free","mean_obs","var_obs","tech_var","sigma_sq","smooth_sigma_sq","final_sigma_sq","b","se_b"
"ENST00000014914.6","ENSG00000013588","GPRC5A",3.63676359686914e-06,0.00481790342260187,21.4473601753514,10.1933986661978,1,7.18487857697155,2.27488721430954,0.00231873184896198,0.205709812359157,0.0310543811940871,0.205709812359157,-0.482737666819113,0.101557070343319
"ENST00000219479.7","ENSG00000103202","NME4",1.19289096123511e-05,0.00927194094698179,19.1746171842133,5.58287196070839,1,6.17750741384227,0.114835929411658,0.00599010220071763,0.107946060262719,0.0317864761180278,0.107946060262719,0.341177037236873,0.0766994673335884
"ENST00000222690.10","ENSG00000105968","H2AZ2",1.46623481676148e-06,0.00326530493692783,23.1917700362908,1.77694782905961,1,7.10979944795857,0.114782663651024,0.000975252621545881,0.0352889887878339,0.0309807709516486,0.0352889887878339,0.224736132766935,0.0471435689354814
"ENST00000229758.8","ENSG00000112029","FBXO5",4.4884833934554e-06,0.00536362817997448,21.0440335990169,14.3250374454812,1,4.79418729537236,0.504719626473068,0.0567392509307188,0.235608452038286,0.0396658378491028,0.235608452038286,0.567857315599545,0.12082658281531
"ENST00000234626.11","ENSG00000097046","CDC7",1.23087599168643e-06,0.0030900587035976,23.5283353199243,4.64693308397465,1,5.53974711849564,0.223134429688149,0.0216576624633216,0.0731777065973856,0.0342813528832705,0.0731777065973856,0.338331572486943,0.0673076795350692
"ENST00000242728.5","ENSG00000123095","BHLHE41",5.86189022394761e-06,0.00617628923939977,20.5327749671723,7.19594956321459,1,7.53954025601513,0.795703141180757,0.00094002335720226,0.145916090177789,0.031684181007696,0.145916090177789,-0.398440770838851,0.0860282595897288
"ENST00000245414.9","ENSG00000125347","IRF1",1.37391345710207e-06,0.00313086120545389,23.3168464631826,2.96530721134097,1,5.64945481077233,0.103103617740233,0.00904488782722876,0.0514715858736073,0.0337293715866686,0.0514715858736073,-0.270573000531159,0.0545955491683425
"ENST00000248071.6","ENSG00000127528","KLF2",9.2782824481001e-08,0.000839557269882015,28.519014276121,26.1522622852972,1,4.70831926519394,5.09152825809013,0.0595095549365171,0.474210083538935,0.0406760517364166,0.474210083538935,-0.86519179768644,0.152715823227885
"ENST00000249075.4","ENSG00000128342","LIF",1.3885203264177e-05,0.00985929925688532,18.8848361129877,6.18147448138526,1,6.47333260660972,2.29412962085587,0.00762630564365411,0.11852623479278,0.0311822120878569,0.11852623479278,-0.356735834950088,0.0809157786927739
"ENST00000254260.8","ENSG00000131941","RHPN2",4.31053490487639e-06,0.00527975867823784,21.1215490569699,3.49095628904817,1,8.69345102044119,0.546668181230934,0.000638060171644129,0.0706059457272981,0.0372818658073308,0.0706059457272981,-0.280747120729957,0.0596054868224074
"ENST00000261366.10","ENSG00000113368","LMNB1",8.75140418146314e-07,0.00252215468509768,24.1849377825418,7.2046052570647,1,7.07010735733799,0.340195194139164,0.00646747221301743,0.140565288135242,0.0309501789728216,0.140565288135242,0.425912570180476,0.0833183082848003
"ENST00000262741.10","ENSG00000117461","PIK3R3",2.34876317293336e-06,0.00368054904104786,22.2863002816499,4.59881635311641,1,6.29653144030371,0.832466105923612,0.0263197832292748,0.0675336117322845,0.0315032803825206,0.0675336117322845,0.329327520298339,0.0677049768511033
"ENST00000264832.8","ENSG00000090339","ICAM1",2.69781411095669e-06,0.00400535468340037,22.0203040181018,13.1445381605754,1,6.07584089353985,3.3318643808976,0.0128104594414889,0.25544542138658,0.0320720645273071,0.25544542138658,-0.554076804873872,0.114736516745887
"ENST00000272163.9","ENSG00000143815","LBR",9.32277148419365e-06,0.0083047248381197,19.6453951177201,3.59068797897114,1,6.23508296969856,0.233007154573625,0.00536062899121854,0.0679187175183965,0.0316426630393034,0.0679187175183965,0.276379272730751,0.0612529268668843
"ENST00000273261.8","ENSG00000144749","LRIG1",6.30503752606774e-06,0.00654409907131474,20.3932932719741,4.03084712279226,1,7.31511751260734,1.46619780849087,0.00417464812562527,0.0780875380538086,0.0312312005228976,0.0780875380538086,0.297373808813989,0.0644667985380007
"ENST00000274276.8","ENSG00000145623","OSMR",4.75869808418588e-07,0.00172701965878965,25.359230572498,3.11625321772271,1,6.08458373447103,1.21722517000499,0.00406306133914758,0.059533943104173,0.0320459016764875,0.059533943104173,-0.28540066596203,0.0542248358342474
"ENST00000280527.7","ENSG00000150938","CRIM1",4.25514814180856e-07,0.00161589316667568,25.5750095500954,3.7788413793718,1,8.13403741554478,0.594192397543387,0.000419584645498359,0.0766996271784159,0.0338386126879039,0.0766996271784159,-0.315326258408896,0.059597013372726
"ENST00000282074.7","ENSG00000152253","SPC25",9.08753880998135e-06,0.00830373191982136,19.694228986668,6.11146919799127,1,5.19329460619174,0.519583600082403,0.010783203845567,0.113940657337928,0.0362625081862544,0.113940657337928,0.36094019236367,0.0798769485519642
"ENST00000282111.4","ENSG00000152284","TCF7L1",2.1069263992337e-08,0.000722154548817086,31.393430078816,5.10953994077375,1,5.27383663828072,1.42315368161374,0.00960510254001468,0.0946712227818985,0.0357536162508557,0.0946712227818985,0.396476617700661,0.0657921965742868
"ENST00000293443.12","ENSG00000161682","FAM171A2",5.50629781250521e-06,0.00597579509363941,20.6525786243265,5.61132006031886,1,6.40894970317224,0.921244682538664,0.00264979477640249,0.111866941148472,0.0312855052084757,0.111866941148472,0.352685958431276,0.0758865917096132
"ENST00000294338.7","ENSG00000162366","PDZK1IP1",3.9080500457478e-06,0.00510589343843647,21.3094265907266,22.4318066707434,1,3.92053674359615,0.966094075407093,0.0518200117296998,0.405971961142614,0.0574659305130378,0.405971961142614,-0.714238346993317,0.150840388099568
"ENST00000295228.4","ENSG00000163083","INHBB",2.22308060692783e-06,0.00368054904104786,22.3919134364645,9.9856658832155,1,6.44261458639481,2.80166059733298,0.0093349538176128,0.194454145839846,0.0312295605022992,0.194454145839846,-0.486207851469403,0.0996727744056577
"ENST00000296503.10","ENSG00000164104","HMGB2",8.61911709826281e-06,0.00812086582908247,19.7953708198621,5.79419314867853,1,6.12084182552143,0.303053021298455,0.0129906763835966,0.105258163385353,0.0319406326924265,0.105258163385353,0.352190869681626,0.0777057122664608
"ENST00000298295.4","ENSG00000165507","DEPP1",1.83850395507169e-07,0.000927004902334642,27.1958762541406,15.3304193334354,1,5.04831054559711,1.14608117023935,0.0122645780833838,0.30060112259897,0.037300833271182,0.30060112259897,-0.650471649660133,0.11831425186911
"ENST00000305188.13","ENSG00000171320","ESCO2",1.22161708052928e-05,0.00935186050678933,19.1291972670342,6.86115694248376,1,5.01396595290238,0.580128365558841,0.0155090811636606,0.124514529907437,0.0375750564038043,0.124514529907437,0.37785206055645,0.0850625332576576
"ENST00000307407.8","ENSG00000169429","CXCL8",1.30970622962015e-05,0.0097508435745034,18.9963226398239,40.0060131111752,1,2.62187356974097,1.76322894259393,0.154275254519978,0.662173992646862,0.14793910720701,0.662173992646862,-0.90976085671097,0.205644695038578
"ENST00000308153.9","ENSG00000105968","H2AZ2",1.13701151205177e-05,0.00920772595396102,19.2662055875364,2.14581244003664,1,6.68076157974166,0.109000943739078,0.00190072742125726,0.0418913631917353,0.030953982974267,0.0418913631917353,0.212459655224015,0.0477917423051783
"ENST00000320574.10","ENSG00000177084","POLE",1.08924414644955e-05,0.0089691475144789,19.3481553789642,3.02914567208653,1,7.42885058908067,0.236390956459187,0.00283564590456544,0.058983653525772,0.0314370827016103,0.058983653525772,0.252252123169407,0.0564092956218778
"ENST00000328963.10","ENSG00000089041","P2RX7",1.57145689628593e-06,0.0032809408773269,23.0585065339357,7.00744972537666,1,4.57594690905134,0.360191692538229,0.015852200757805,0.127156977311107,0.0425028700124735,0.127156977311107,-0.412131417681607,0.0830009811439172
"ENST00000329047.13","ENSG00000184640","SEPTIN9",3.93413417826589e-08,0.000722154548817086,30.1816538161311,7.60379807954141,1,5.57017504844528,1.16839303909689,0.0384930622179166,0.116686490425786,0.034123697762462,0.116686490425786,-0.47661860138158,0.0811330110412864
"ENST00000331128.6","ENSG00000184270","H2AC21",1.05228585033986e-05,0.00881293896607709,19.4140766063743,7.76864372232774,1,6.87660233208221,0.325966469102339,0.00117781602753623,0.157365933407724,0.0308831593378066,0.157365933407724,0.404538349723956,0.0902833325594612
"ENST00000336967.8","ENSG00000179820","MYADM",3.63845423187062e-06,0.00481790342260187,21.4464690054141,45.4841993053102,1,3.0101600051329,5.50907816679093,0.562138657773414,0.366110307641079,0.110354839668159,0.366110307641079,-1.02802583915908,0.218838569772467
"ENST00000343242.9","ENSG00000198517","MAFK",2.17556802920402e-06,0.00367550965595936,22.4334073182341,3.53145765568587,1,6.3543560927499,0.212071429284576,0.00259614207965647,0.069474422322096,0.0313852879226872,0.069474422322096,-0.289357441631601,0.0592521529810218
"ENST00000343687.7","ENSG00000160179","ABCG1",1.70168485551163e-06,0.0032809408773269,22.9054522440078,111.863955872756,1,3.24118458832612,5.10303404755988,0.517137492107881,1.76580038284633,0.0919972357114529,1.76580038284633,-1.64225540077262,0.332079300298792
"ENST00000343820.10","ENSG00000177426","TGIF1",1.00143852049799e-05,0.00858376901177337,19.5086750425427,64.8700325286144,1,3.16557005470233,1.95460927023332,0.463581079727151,0.86029713514253,0.0976832446010342,0.86029713514253,-1.17134175674451,0.260669500235714
"ENST00000356476.3","ENSG00000197409","H3C4",4.37568985408216e-06,0.0052933962644667,21.0928006973131,9.72914005358203,1,6.82046239869796,0.342571839283364,0.00157481681097345,0.196979061833558,0.0308891844129598,0.196979061833558,0.468423791792461,0.0995320014009976
"ENST00000356840.8","ENSG00000007944","MYLIP",5.33024377964188e-07,0.00186535688385553,25.1404690810216,8.46415671246965,1,6.65326955684847,0.429824653842296,0.00184317196001613,0.170894720131201,0.030975127993787,0.170894720131201,-0.468762375189377,0.08954101224277
"ENST00000358064.3","ENSG00000197837","H4-16",4.01051477187389e-06,0.00513184073444957,21.2598151635271,10.6645628534924,1,4.10976271460345,0.720230248312099,0.052512260844909,0.165131879022283,0.0520114505198821,0.165131879022283,-0.492005709776729,0.104051757061317
"ENST00000358181.8","ENSG00000170004","CHD3",1.06323094931033e-05,0.00882914188652715,19.3943149626275,5.13701939912104,1,6.48288727374021,0.297392141886037,0.0261580174438694,0.0786791131504375,0.0311682022205512,0.0786791131504375,0.328820881253836,0.0734289317883178
"ENST00000359470.6","ENSG00000182795","C1orf116",5.55263085919226e-06,0.00597579509363941,20.636535428274,14.8576044391902,1,4.99426161948835,4.16685559012779,0.0513529487467908,0.251863468379539,0.0377379987610067,0.251863468379539,-0.573709095371091,0.12350061857391
"ENST00000360578.7","ENSG00000171368","TPPP",1.29548861075708e-06,0.0030900587035976,23.4299055182996,13.2236601398543,1,6.75448093649259,2.24332273379036,0.00331456043336795,0.266556054665699,0.0309109219392859,0.266556054665699,-0.569781359536198,0.11364201423511
"ENST00000360612.5","ENSG00000198355","PIM3",1.40299173812216e-07,0.000854038989529307,27.7187102002655,2.54965470781046,1,6.54873476061702,0.580689322668312,0.00186168614443673,0.0501720834027155,0.0310808737823564,0.0501720834027155,-0.267222575052856,0.048025663451333
"ENST00000361131.5","ENSG00000198729","PPP1R14C",8.46518821750089e-06,0.00805327051511143,19.8298157033723,14.9068764896768,1,3.44800223008615,2.28704498202702,0.100635064811558,0.20358690436552,0.0783257779147327,0.20358690436552,-0.565310050901882,0.12459947820158
"ENST00000368300.9","ENSG00000160789","LMNA",8.39102987532032e-07,0.00252215468509768,24.2659281141916,3.62060045884394,1,8.27252137886386,0.23171924025883,0.000956687672421928,0.0729331176101074,0.034554015943586,0.0729331176101074,-0.302330078213935,0.0590216842736649
"ENST00000369158.1","ENSG00000203811","H3C14",1.35217877599538e-05,0.00981461436312851,18.9354315287903,11.0885596823208,1,7.96241587077875,0.391642383345518,0.000214861156679402,0.226082275217214,0.0330679997026766,0.226082275217214,0.478323816754599,0.108324964769778
"ENST00000369163.3","ENSG00000278828","H3C10",3.04560413610837e-06,0.00435215148434706,21.7876109393401,6.77960906783854,1,7.12777875933956,0.321946790301783,0.000971897017735003,0.137387471713664,0.0309965207424075,0.137387471713664,0.39621468117447,0.082572154934047
"ENST00000369787.7","ENSG00000116396","KCNC4",1.03199523038419e-05,0.00871751281335228,19.4512639604144,3.45601683222583,1,4.90584957783753,0.578144941643837,0.0116276485148115,0.0589033072448995,0.0385244380584294,0.0589033072448995,-0.270034577503269,0.0601975345756955
"ENST00000371940.1","ENSG00000142961","MOB3C",4.28758851426375e-07,0.00161589316667568,25.5603550145189,2.27829920622997,1,5.21221728212711,0.157132888297095,0.00909000114432865,0.0374059010236299,0.0361391923492803,0.0374059010236299,-0.281960167779271,0.0561047060355869
"ENST00000372980.4","ENSG00000149596","JPH2",1.93721671399284e-06,0.00345134529764964,22.6563229522945,8.90875537825987,1,5.22668390206516,1.4403598729337,0.0099303818946069,0.171880952355594,0.0360465418130541,0.171880952355594,-0.461419090805869,0.0939228509331362
"ENST00000374434.4","ENSG00000142661","MYOM3",1.30389898834511e-06,0.0030900587035976,23.4174569332958,29.1062743802191,1,4.85936690783481,4.73183912655007,0.07158195977988,0.522423639816428,0.0389778646704435,0.522423639816428,-0.845149439011998,0.168618283429664
"ENST00000374733.1","ENSG00000165029","ABCA1",1.48167763624099e-07,0.000854038989529307,27.6131534504774,27.8598488600742,1,3.4282879717109,0.903358246599488,0.156602156533747,0.411966187549401,0.0795052842032288,0.411966187549401,-0.882034794890181,0.158902736556967
"ENST00000374736.8","ENSG00000165029","ABCA1",1.25854285656249e-06,0.0030900587035976,23.4855683235398,12.6140539120092,1,7.93013765551953,0.446316995792534,0.00143849622618118,0.255991175447476,0.0329369645213311,0.255991175447476,-0.557020621963745,0.110936531926755
"ENST00000377727.2","ENSG00000158406","H4C8",4.8836397951641e-06,0.00562985995586517,20.8823890437121,7.20642339897996,1,7.49501170388247,0.272446925904296,0.000661065581799486,0.146408799703506,0.0315791906702523,0.146408799703506,0.401497494888795,0.0858225264349574
"ENST00000377745.4","ENSG00000278705","H4C2",6.82705090459167e-07,0.002306789875997,24.6633409480117,7.65658491692405,1,6.83391317540359,0.330366399819329,0.00123668290647114,0.155020152132795,0.0308866970962349,0.155020152132795,0.442486177920528,0.0855259347832958
"ENST00000377803.4","ENSG00000197061","H4C3",9.1142675088483e-06,0.00830373191982136,19.6886166427324,8.70585673790104,1,7.00771178349583,0.52145458370655,0.00119005913947013,0.17648048653198,0.0309136946677158,0.17648048653198,0.430741803490204,0.0953402250469428
"ENST00000389959.8","ENSG00000137501","SYTL2",1.77460369125123e-06,0.0032809408773269,22.8248060214695,70.3667187110361,1,2.56995264452119,1.64621852001055,0.704674044249085,0.731381439649611,0.154425258319318,0.731381439649611,-1.30066123413746,0.263568244944007
"ENST00000395751.8","ENSG00000072310","SREBF1",4.25296636486203e-06,0.00527518567291267,21.1473152803958,8.97801902182926,1,5.19679905339103,0.719327330813147,0.0614496872612157,0.1217751907353,0.0362394834034302,0.1217751907353,-0.450452893758402,0.0955662143372861
"ENST00000395906.8","ENSG00000241322","CDRT1",6.34454639113872e-06,0.00654409907131474,20.3813392711102,7.22721747370421,1,4.11204857315109,0.789201095300828,0.0299925993838832,0.117501634773346,0.051952479601631,0.117501634773346,-0.398093889834187,0.0863316128883016
"ENST00000397066.9","ENSG00000162063","CCNF",4.08502650617491e-06,0.00513184073444957,21.2245304100811,5.80323741220159,1,6.27223059008472,0.152587123283317,0.00488519772157649,0.113548218853966,0.0315566702201238,0.113548218853966,0.362693487887623,0.0767803132127508
"ENST00000398437.1","ENSG00000160179","ABCG1",7.69292116679482e-08,0.000837571065879879,28.8818802882654,106.564259043168,1,2.48304995696051,3.21240319967716,0.388441236916919,1.78633955988242,0.166233320441874,1.78633955988242,-1.75489415647398,0.307275639300828
"ENST00000403683.1","ENSG00000203852","H3C15",1.35217877599538e-05,0.00981461436312851,18.9354315287903,11.0885596823208,1,7.96241587077875,0.391642383345518,0.000214861156679402,0.226082275217214,0.0330679997026766,0.226082275217214,0.478323816754599,0.108324964769778
"ENST00000409085.9","ENSG00000115977","AAK1",1.38244944068521e-05,0.00985929925688532,18.8931949124296,2.89797033339841,1,6.3135467427318,0.255744997890906,0.00449558206880224,0.0546466696332061,0.0314672397803693,0.0546466696332061,-0.244302373967954,0.0553989754400317
"ENST00000409223.2","ENSG00000168427","KLHL30",8.31710003466998e-07,0.00252215468509768,24.2829737430155,9.06335947661117,1,3.8628538289336,1.55245003712654,0.0507334972614734,0.134233022669367,0.0593854212944153,0.134233022669367,-0.478471992553119,0.0933683757244422
"ENST00000420358.2","ENSG00000198554","WDHD1",2.28611338913438e-06,0.00368054904104786,22.3382177378626,3.82049440077319,1,5.84481512274703,0.114943616480083,0.00569128290052584,0.0722779905846412,0.0328754242370938,0.0722779905846412,0.300450285458004,0.061681656370683
"ENST00000423485.6","ENSG00000131747","TOP2A",9.86801603035087e-06,0.00855705446709753,19.5368014781988,7.01460009237208,1,8.16066719679298,0.285556783126903,0.000344479388206667,0.142810624537754,0.0339695678297045,0.142810624537754,0.385409190174065,0.0856960009605458
"ENST00000423487.6","ENSG00000165029","ABCA1",1.16899780191411e-07,0.000854038989529307,28.0717516198684,19.2696674425984,1,3.80648966963849,0.435332565145138,0.0887760340145455,0.304482485222157,0.0613962380613413,0.304482485222157,-0.738201773364376,0.131613620047008
"ENST00000425380.7","ENSG00000198331","HYLS1",9.62959155273596e-06,0.00842486086669189,19.5835267380832,6.62393464254144,1,4.93713190906129,0.337574640899254,0.0450115355417316,0.0901708041019712,0.0382353224648943,0.0901708041019712,0.374893569703235,0.0832407402443015
"ENST00000432045.6","ENSG00000226380","",2.39842136788445e-07,0.00106120907939707,26.6820268158425,3.98217225321221,1,5.09151692534755,0.539683982743897,0.00952528246083634,0.0717435390332905,0.036972376645312,0.0717435390332905,-0.329085799464823,0.060577672561081
"ENST00000432278.5","ENSG00000157557","ETS2",5.15887847667021e-08,0.000722154548817086,29.6561466832968,9.67816309143154,1,4.08441725999609,0.631002359584419,0.0530183643567152,0.14449516812148,0.0526754372182412,0.14449516812148,-0.534177675946215,0.0919637127479255
"ENST00000435872.1","ENSG00000229167","",4.55698446853654e-06,0.00537987703738504,21.0150133695106,24.5666885266938,1,2.5948240130952,1.88214120834498,0.125812343204756,0.375548647135935,0.151250805374678,0.375548647135935,-0.743224312393827,0.158270673192789
"ENST00000437139.7","ENSG00000179029","TMEM107",1.37302865483544e-05,0.00985929925688532,18.906239347934,7.65216947624051,1,5.4588669160747,0.260267974834916,0.00849614907070622,0.147670574934202,0.0347067393197758,0.147670574934202,0.397098098022603,0.0900111838611377
"ENST00000440232.7","ENSG00000062822","POLD1",9.76208436818975e-07,0.00265713089741716,23.9744852195209,2.86570519244297,1,6.56167884082587,0.176302192978661,0.0120853628240097,0.046398416613602,0.0310655957359027,0.046398416613602,0.272450116831846,0.0549412872817263
"ENST00000445223.1","ENSG00000124491","F13A1",1.86219046041059e-06,0.00337911701545764,22.732221134515,46.2706602397007,1,2.21479410204613,3.30836857135803,0.178018016893826,0.766281171671495,0.208829756287187,0.766281171671495,1.05298945837623,0.213905175668213
"ENST00000447825.5","ENSG00000088367","EPB41L1",2.44229202790579e-07,0.00106120907939707,26.6470040117353,5.47661425247623,1,4.2037684332423,0.57718026037806,0.0233389374989251,0.0884287003067122,0.0497031376451479,0.0884287003067122,-0.386361288787389,0.0714735860206254
"ENST00000449175.1","ENSG00000236901","MIR600HG",1.20171500619126e-05,0.00927194094698179,19.1605493206299,35.1726530751736,1,4.64357126217312,1.03192707563505,0.271599744163138,0.446209502268977,0.0415255059076716,0.446209502268977,0.856093374792985,0.192539849563017
"ENST00000452684.2","ENSG00000112096","SOD2",5.72294489224481e-09,0.000560779924101284,33.926648430932,9.34241073238551,1,3.71844505207303,0.359512357793572,0.0344483683258252,0.156213075192246,0.064833919371178,0.156213075192246,-0.551560606119427,0.0869741281084042
"ENST00000462050.5","ENSG00000160179","ABCG1",1.18444618068658e-05,0.00927194094698179,19.1881786032095,144.936869006633,1,1.31511365015094,3.67186785597412,0.834820817075805,2.12307446877384,0.558916565161668,2.12307446877384,-1.7388731885161,0.390751240527291
"ENST00000465476.1","ENSG00000144802","NFKBIZ",8.8825969283827e-06,0.00828940864588918,19.7378204213257,10.3711005046922,1,4.7051160539391,0.567833417577345,0.0132109081854299,0.198444204155227,0.0407162191740987,0.198444204155227,-0.4706214234755,0.104014058440654
"ENST00000466086.2","ENSG00000234975","FTH1P2",2.79528574122113e-06,0.00408812625687726,21.9521842889856,24.326869522669,1,4.20291848407597,1.33531299563878,0.034786712309089,0.461680012643341,0.0497229871658006,0.461680012643341,0.752827929773509,0.156183895715811
"ENST00000466342.1","ENSG00000161011","SQSTM1",1.70683096950687e-06,0.0032809408773269,22.8996481201113,4.89142293958762,1,6.31320409669454,0.171034179651213,0.00657399417780606,0.0932509637729616,0.0314679546618729,0.0932509637729616,-0.343375291707506,0.0694443365030092
"ENST00000467061.1","ENSG00000163900","TMEM41A",3.13627577199441e-06,0.00439024843351698,21.7313277716711,2.20894867946425,1,5.28294623331481,0.0830899128359016,0.00556223587497903,0.0395183494202098,0.0356985133591261,0.0395183494202098,-0.246840404316466,0.0535326151398682
"ENST00000467242.1","ENSG00000213626","LBH",1.62430096157733e-06,0.0032809408773269,22.9949193880128,9.1666511189725,1,4.10011170584058,1.16158208924415,0.0638266137752299,0.123247898856862,0.0522620794819946,0.123247898856862,-0.470847469248709,0.0949850267711539
"ENST00000469669.5","ENSG00000182944","EWSR1",1.40541346206204e-05,0.00990745714536221,18.8617682710839,2.15477480429781,1,5.89296740442447,0.289982673896103,0.00670141233040634,0.0372735836756714,0.0326899066287179,0.0372735836756714,0.224547351664061,0.0523704549945819
"ENST00000471887.1","ENSG00000048052","HDAC9",2.58771169983168e-08,0.000722154548817086,30.9944211279388,11.7223376928952,1,3.32372238519709,0.733360538173676,0.0536915733168706,0.185539808170787,0.0862015388938258,0.185539808170787,-0.597684071789399,0.10000870644766
"ENST00000472042.1","ENSG00000177426","TGIF1",3.6171822245843e-06,0.00481790342260187,21.4577123337083,3.09489594034045,1,5.16415784095033,0.284049236415226,0.0120486819325037,0.0511124597070973,0.0364573746738158,0.0511124597070973,-0.270785671904637,0.0581444793261604
"ENST00000472045.1","ENSG00000125347","IRF1",2.00309629773178e-06,0.00350498928610967,22.5920706283,5.53821183482439,1,5.97103510623444,0.269319067271907,0.00377802162194483,0.109246709701002,0.0324095279052422,0.109246709701002,-0.363392088430174,0.0740963266206944
"ENST00000473296.1","ENSG00000047457","CP",1.32566916993098e-05,0.00976689252805994,18.9732077340475,16.6010069507611,1,4.21908404861529,1.89302323709991,0.0574110120555943,0.281385048164021,0.0493484633011188,0.281385048164021,-0.585749387144092,0.132498731615704
"ENST00000476896.5","ENSG00000021355","SERPINB1",1.13561554961613e-07,0.000854038989529307,28.1278219305219,7.75125357587636,1,4.38880861661002,0.432987578537295,0.0394725147971646,0.118716333690108,0.0457614315622828,0.118716333690108,-0.468549267555211,0.0834319275391284
"ENST00000477265.5","ENSG00000164136","IL15",1.55331087750047e-06,0.0032809408773269,23.0808373786009,5.99641730604908,1,4.07995899288407,0.978703352298468,0.03087632156174,0.0914995418270168,0.0527941861447413,0.0914995418270168,-0.381390730722104,0.0767648780883208
"ENST00000477974.1","ENSG00000188313","PLSCR1",2.66877291394751e-06,0.00400535468340037,22.0410780185269,10.845855363405,1,3.35379018127467,0.752145131623763,0.0555232615909467,0.165820725417319,0.0842008868172549,0.165820725417319,-0.503494715596364,0.104203029576026
"ENST00000480147.3","ENSG00000160213","CSTB",1.31353977204806e-05,0.0097508435745034,18.9907458214872,7.44967588866919,1,4.05024479629237,0.625945996752793,0.0361799097316877,0.115854292077888,0.0536010560984412,0.115854292077888,-0.392536688276861,0.0887452645086566
"ENST00000489652.1","ENSG00000138496","PARP9",3.42066681405535e-06,0.00472090563064303,21.5648337029641,7.72002646817938,1,4.14953425681894,0.754180854517937,0.0525445901761051,0.105006970398984,0.0510062205422785,0.105006970398984,-0.421042201349387,0.0882885806479331
"ENST00000490745.5","ENSG00000188313","PLSCR1",1.8920784225306e-07,0.000927004902334642,27.1403443364973,9.89443717400526,1,3.65805732528353,0.743938164220449,0.0409766444196439,0.16095064484577,0.0674239299089601,0.16095064484577,-0.522161094559055,0.0950978995296685
"ENST00000497985.5","ENSG00000163746","PLSCR2",2.15349656256583e-06,0.00367550965595936,22.452993086895,4.50212652045639,1,4.16233284070414,0.913550309658482,0.0238108372526829,0.0680692958178557,0.0506918703534273,0.0680692958178557,-0.340508807667256,0.0721919738413585
"ENST00000502536.5","ENSG00000145623","OSMR",2.49089774524765e-07,0.00106120907939707,26.6089299873233,6.04919824368059,1,4.39920079068772,0.790873714527454,0.0323277575226341,0.0911252678586025,0.045560047387404,0.0911252678586025,-0.405169014883041,0.0747110626308997
"ENST00000504475.6","ENSG00000182718","ANXA2",7.05651717212524e-08,0.000837571065879879,29.0491468172041,3.86665205402611,1,5.98045025813242,0.315748380594378,0.00401778580361804,0.0748934806050781,0.0323773995674883,0.0748934806050781,-0.33501455002904,0.0584441834322994
"ENST00000506572.5","ENSG00000134057","CCNB1",1.16017968848858e-05,0.00924257620452188,19.2276952373393,5.84433424802884,1,6.75577862756509,0.273916852184864,0.00276175068611502,0.116510376824678,0.0309103415578512,0.116510376824678,0.349475679121423,0.0784377667313386
"ENST00000522356.3","ENSG00000206077","ZDHHC11B",2.36635699867346e-06,0.00368054904104786,22.2719701194403,4.87418295104228,1,6.14886354853158,0.819803469450468,0.00365525289948745,0.095817868550355,0.0318628278413506,0.095817868550355,-0.338955846232067,0.0697114378736182
"ENST00000524382.1","ENSG00000141971","MVB12A",9.57442050052808e-06,0.00842486086669189,19.5945043425526,108.298094205959,1,1.9110374762984,2.51716995834208,1.46696715989534,0.743198027981376,0.28319460538347,0.743198027981376,1.55655773076711,0.353253185253337
"ENST00000530167.1","ENSG00000188486","H2AX",1.42734316887311e-05,0.00999017874510991,18.8322348414647,5.17166663679475,1,6.86257749722992,0.362360282819374,0.00367235752208553,0.101871859555358,0.0308835910354061,0.101871859555358,0.325920314376361,0.0740468191484093
"ENST00000540125.1","ENSG00000013588","GPRC5A",8.66799541135939e-07,0.00252215468509768,24.2033815768629,27.552319412515,1,2.3263541253017,2.34445733370526,0.213021439341433,0.349270793567036,0.189436641106589,0.349270793567036,-0.845319331877724,0.169008457645982
"ENST00000542454.2","ENSG00000168398","BDKRB2",1.32447305334428e-06,0.0030900587035976,23.3873406012309,25.6977690268112,1,3.08739235945213,1.53821792189962,0.252954607363065,0.271489658490224,0.103916294134331,0.271489658490224,-0.794923966602584,0.15921251962869
"ENST00000545683.1","ENSG00000203814","H2BC18",6.49355309981341e-06,0.00655969362004656,20.3369176854998,6.32586038459244,1,6.39858981602174,0.354677875625875,0.00809466327153325,0.121004528250761,0.0313035771518514,0.121004528250761,0.372109201182687,0.080800927274384
"ENST00000553821.2","ENSG00000140022","STON2",1.77008049627164e-06,0.0032809408773269,22.8297110123959,4.02913871128026,1,7.03308302745949,0.746753084822845,0.00136855118780221,0.0808587694505704,0.0309268200039627,0.0808587694505704,0.311260592742661,0.0630661797968002
"ENST00000555447.5","ENSG00000140022","STON2",1.77083953513408e-06,0.0032809408773269,22.8288870269777,6.04111773459641,1,6.72179962639895,0.731800544072815,0.0165712239537222,0.106716893078858,0.0309275632570474,0.106716893078858,0.381127586081114,0.0772239941045437
"ENST00000559195.5","ENSG00000185215","TNFAIP2",1.20152864022338e-05,0.00927194094698179,19.1608453636055,7.03213621699731,1,4.43271425946084,0.906454903428696,0.0505301026546615,0.0929828813656918,0.0449231719285161,0.0929828813656918,-0.382793889349174,0.0860915552319361
"ENST00000560014.5","ENSG00000182718","ANXA2",1.11850406273924e-05,0.00913333134164108,19.2975392792851,5.69892343749621,1,5.40791291628359,0.438384823237743,0.0099986032915816,0.106305956657321,0.0349822924667706,0.106305956657321,-0.345620361970443,0.0774075423236998
"ENST00000562691.2","ENSG00000261324","",1.26137622540164e-07,0.000854038989529307,27.9245733750985,3.94274420803088,1,5.38112113606143,0.354425473807283,0.00610199251991781,0.0743621749909164,0.035130430275257,0.0743621749909164,-0.333244972924407,0.0596120049270927
"ENST00000564908.1","ENSG00000198736","MSRB1",9.20816369019647e-07,0.00257797012478563,24.0869622930285,33.235386181257,1,2.28100965141011,1.82691128697465,0.214876135570563,0.463397051802028,0.196934354497658,0.463397051802028,0.91330563261254,0.179108264352079
"ENST00000566733.2","ENSG00000260604","",1.63375500101195e-06,0.0032809408773269,22.9837625288846,14.52916099564,1,3.88377813307937,0.994013210088276,0.0356787405923312,0.260834749114607,0.0586735899046201,0.260834749114607,-0.592666833475126,0.119595084074769
"ENST00000569046.1","ENSG00000259781","HMGB1P6",1.28607426425513e-05,0.0096938342312178,19.0310673234558,3.54745530644653,1,5.81762221060856,0.0701729726235508,0.00642948132529989,0.0659675657450374,0.0329844870146651,0.0659675657450374,0.271114753111445,0.0612179261926026
"ENST00000570989.1","ENSG00000005884","ITGA3",6.65677948707373e-06,0.00665596437121817,20.2894163296568,3.41744850044973,1,5.13413028523658,0.621809239629023,0.0077009987150374,0.0620428482329163,0.0366649658208533,0.0620428482329163,-0.273239916921005,0.059414401333424
"ENST00000571722.3","ENSG00000262074","SNORD3B-2",4.71186830657401e-06,0.00549650656695922,20.9509795896321,9.17920199640668,1,6.44497140800072,0.551244604858828,0.00260261147068417,0.184728041517207,0.0312258028848316,0.184728041517207,0.453740557469982,0.0968005673154486
"ENST00000583708.6","ENSG00000263563","UBBP4",3.06464518532828e-06,0.00435215148434706,21.7756532677004,28.464967187908,1,3.35266562214287,1.37725366228471,0.16854072878941,0.412376968922999,0.0842746304501058,0.412376968922999,0.811683815808779,0.169212719007487
"ENST00000583931.6","ENSG00000143401","ANP32E",6.42415753618226e-06,0.00655719113182737,20.3574770457037,3.54846089500815,1,7.04997096018406,0.342249935149476,0.00420436114131898,0.0682132081445615,0.0309368554451389,0.0682132081445615,0.27881166605921,0.0605057757866053
"ENST00000586076.1","ENSG00000267801","",5.04904831227036e-08,0.000722154548817086,29.697861731599,5.86169552039702,1,3.70584148251881,0.417880843257888,0.032620103075469,0.087006336116307,0.06535806778716,0.087006336116307,-0.449751217266229,0.0829142451072849
"ENST00000588388.5","ENSG00000131941","RHPN2",5.61061710224544e-06,0.00597579509363941,20.6166454705965,3.7103008003921,1,7.1201394048577,0.887772963951816,0.0156405604001136,0.0600798640976843,0.030989684406592,0.0600798640976843,-0.286582883953581,0.0617271780308218
"ENST00000588676.1","ENSG00000141664","ZCCHC2",5.29424393163642e-06,0.00591489884148704,20.727776400285,3.61773474401471,1,4.58523216935135,0.240979587393533,0.0151953895794561,0.0586359317269665,0.0423628642828686,0.0586359317269665,-0.289073817634522,0.0633502536664156
"ENST00000598523.3","ENSG00000268089","GABRQ",6.86729712257961e-06,0.00679709808532658,20.2298501273515,9.98635602172809,1,3.9775588987186,1.80644909839011,0.0375810611483018,0.166222122968598,0.0556944129207139,0.166222122968598,0.466521386526841,0.101619074276009
"ENST00000603223.1","ENSG00000145990","GFOD1",4.04229228144385e-06,0.00513184073444957,21.2446872568245,4.79623623566315,1,4.87479011379319,0.351701360037735,0.0205721463316546,0.0773102258247363,0.0388241396456877,0.0773102258247363,-0.329854876187407,0.0697889770431129
"ENST00000605249.1","ENSG00000271204","",1.39793237735601e-07,0.000854038989529307,27.7256989495949,5.32229657081816,1,4.72236029090615,0.484020468850452,0.0116816153092247,0.0969366820544113,0.0405021686618783,0.0969366820544113,-0.38612151728677,0.0693833275273571
"ENST00000609740.1","ENSG00000163006","CCDC138",4.99864832527083e-06,0.00569543665228649,20.837804868996,3.82726364507899,1,4.22444423670621,0.170277088140199,0.0171018666383536,0.0610055546897891,0.0492256618478497,0.0610055546897891,0.30761475744535,0.0680398769295147
"ENST00000613646.1","ENSG00000275894","",1.57993744930425e-07,0.000860082837680136,27.4889607912916,8.71074086289699,1,5.09301923806633,0.450534941101239,0.00813906805046322,0.169631153641312,0.0369612690037488,0.169631153641312,-0.492347255892553,0.0889510581181545
"ENST00000615164.2","ENSG00000276966","H4C5",1.25808575145223e-05,0.00955638035762027,19.073056225325,3.66348308087499,1,7.6001903117259,0.30979369575921,0.000577958547836237,0.0741870022863472,0.0318393871169137,0.0741870022863472,0.27576537355151,0.0621876899778737
"ENST00000616365.2","ENSG00000275379","H3C11",5.403996551108e-06,0.00594973948370754,20.6884864765996,10.5101957269012,1,6.05844130672814,0.432734482065423,0.00291097150783531,0.211582818837087,0.0321250377872205,0.211582818837087,0.483025605053274,0.103824223557389
"ENST00000617569.2","ENSG00000278637","H4C1",1.31984124098489e-06,0.0030900587035976,23.3940795246987,12.5222583096287,1,5.42176767543891,0.725010003519978,0.00565907205520467,0.249897219978035,0.0349066234168696,0.249897219978035,0.554125610098552,0.11062246516392
"ENST00000618305.2","ENSG00000275126","H4C13",9.23691451259877e-06,0.00830373191982136,19.6630740000813,15.7918548286701,1,5.57112143878178,0.54208616123876,0.00462150215953604,0.317661249445976,0.0341188234057197,0.317661249445976,0.579822074453871,0.128435781018124
"ENST00000619352.4","ENSG00000198830","HMGN2",9.20117935064076e-06,0.00830373191982136,19.6704809341827,2.65619940457387,1,7.59024376520042,0.314682937118657,0.00171957650898966,0.0524885746047627,0.0318129636090777,0.0524885746047627,0.237835204910605,0.0526709407950405
"ENST00000621112.2","ENSG00000273703","H2BC14",7.24650937567644e-06,0.00710070960703783,20.1270351576062,14.4210337606637,1,4.06065646698325,2.92903861363822,0.0742131393453245,0.220093672096791,0.0533152446091224,0.220093672096791,0.559442584358743,0.122227403744467
"ENST00000621411.3","ENSG00000286522","H3C2",7.72410854493369e-07,0.00252215468509768,24.4254612438207,12.7394709363246,1,7.44671483775585,0.492282724752368,0.000710568128468188,0.259278634653666,0.0314738245758115,0.259278634653666,0.568583010226258,0.110554998588515
"ENST00000622315.1","ENSG00000272398","CD24",2.84027483687548e-07,0.00115963687798231,26.3553743519316,6.16035589256195,1,5.73049145156539,1.19310733253647,0.0116530461241402,0.114068502703655,0.0333551318080229,0.114068502703655,-0.407357721212015,0.0755652460717222
"ENST00000623474.1","ENSG00000279838","",2.34938524754685e-06,0.00368054904104786,22.2857917683351,10.7164103022181,1,3.84125341398574,0.329286869852348,0.0267506674775275,0.191951583588147,0.0601395841557162,0.191951583588147,-0.502719413656759,0.103353264529
"ENST00000626030.1","ENSG00000136160","EDNRB",2.41612802469897e-06,0.00369924301381567,22.232003214788,75.051274674665,1,1.54939791423674,2.29662207841428,0.474688715141081,1.05696995168882,0.422647282697816,1.05696995168882,1.32909572142739,0.273644762769941
"ENST00000642040.1","ENSG00000073910","FRY",1.15261443657061e-05,0.00924257620452188,19.2401846975397,5.84871392228946,1,5.83102023193591,0.984527897545224,0.0136719468638997,0.105689561754253,0.0329303618731109,0.105689561754253,-0.349700845559594,0.0784584017673322
"ENST00000642980.1","ENSG00000105357","MYH14",5.31198818274543e-06,0.00591489884148704,20.7213691160318,4.84030120664592,1,4.6936520523923,0.884553780075838,0.0179035466678442,0.0808781106106439,0.0408615171706221,0.0808781106106439,-0.328007253087981,0.0704371827701206
"ENST00000643779.1","ENSG00000285106","",4.76113533247814e-08,0.000722154548817086,29.8116857138715,6.66800461992711,1,4.79678739993507,0.569094613088628,0.0256906835903831,0.110391043346905,0.0396371535819969,0.110391043346905,-0.444265283590602,0.0762280572357096
"ENST00000647388.1","ENSG00000231721","LINC-PINT",9.42475606064229e-08,0.000839557269882015,28.4886872949568,4.60884902293806,1,5.46135114031527,0.442175929165366,0.00586823560786015,0.0881899077174064,0.0346934826579007,0.0881899077174064,-0.363059678402954,0.0641273426401809
"ENST00000649389.1","ENSG00000140022","STON2",8.42110421887095e-06,0.00805327051511143,19.8397963296747,3.62334312832228,1,7.48143961813261,0.539525555512641,0.0033160161424219,0.0706297619866043,0.0315486893812006,0.0706297619866043,0.278765054623753,0.0614241177816526
"ENST00000662305.1","ENSG00000157557","ETS2",8.02311779964808e-06,0.0077838541282368,19.932350444456,4.20491681460719,1,5.53854014756215,0.456245298070765,0.0165595809875794,0.0692550478819551,0.0342876264711776,0.0692550478819551,-0.300882126664164,0.0661156100606828
"ENST00000664545.1","ENSG00000224078","SNHG14",1.00740237208019e-05,0.00858376901177337,19.4973330231322,4.91700561207199,1,4.23102286335413,4.69808703197377,0.0510592394736127,0.0492878138339789,0.0490758729758866,0.0492878138339789,0.369519644721956,0.0839311108775773
